질문번호,질문,1순위,2순위,3순위,답변항목 설명
ID,번호,"1 (1명, 0.1%)","24 (1명, 0.1%)","4 (1명, 0.1%)",
GU,주거구,"2 (610명, 38.4%)","4 (378명, 23.8%)","1 (337명, 21.2%)","① 장안구
② 권선구
③ 팔달구
④ 영통구"
q1,1. 귀하는 수원시의 시책이나 시정 운영에 대해 어느 정도 알고 계십니까?,"5 (549명, 34.6%)","6 (408명, 25.7%)","4 (322명, 20.3%)","① 전혀 모르고 있다
②
③
④ 보통이다
⑤
⑥
⑦ 매우 잘 알고 있다"
q2,2. 귀하는 수원시의 시책이나 시정 운영에 대해 평소 관심이 있으십니까?,"5 (517명, 32.6%)","6 (411명, 25.9%)","4 (308명, 19.4%)","① 전혀 관심이 없다
②
③
④ 보통이다
⑤
⑥
⑦ 매우 관심 있다"
q3,3. 귀하는 수원시가 시민들을 위해 추진하고 있는 정책 전반에 대해 얼마나 만족하십니까? ,"5 (538명, 33.9%)","6 (451명, 28.4%)","4 (296명, 18.7%)","① 전혀 만족하지 못한다
②
③
④ 보통이다
⑤
⑥
⑦ 매우 만족한다"
q3_1_1,"3-1. (⑤, ⑥, ⑦ 만족 응답자만) 
수원시 시정운영에 만족하시는 경우, 그 이유는 무엇입니까? 2가지를 중요한 순서대로 선택해 주십시오. (1순위) ","nan (439명, 27.7%)","2.0 (327명, 20.6%)","1.0 (322명, 20.3%)","① 수원시 정책 추진 방향에 공감해서 
② 정책 추진력 및 속도가 빨라서
③ 시민과의 소통 및 경청을 잘해서
④ 내 삶에 도움되는 정책이 많아서
⑤ 시정 운영을 안정적으로 해서
⑥ 정부, 경기도, 타지자체와 협력을 잘해서 
⑦ 정책 홍보를 잘해서
⑧ 기타(                           )"
q3_1_2,"3-1. (⑤, ⑥, ⑦ 만족 응답자만) 
수원시 시정운영에 만족하지 않는 경우, 그 이유는 무엇입니까? 2가지를 중요한 순서대로 선택해 주십시오. (2순위)","nan (439명, 27.7%)","5.0 (252명, 15.9%)","2.0 (212명, 13.4%)","① 수원시 정책 추진 방향에 공감해서 
② 정책 추진력 및 속도가 빨라서
③ 시민과의 소통 및 경청을 잘해서
④ 내 삶에 도움되는 정책이 많아서
⑤ 시정 운영을 안정적으로 해서
⑥ 정부, 경기도, 타지자체와 협력을 잘해서 
⑦ 정책 홍보를 잘해서
⑧ 기타(                           )"
q3_1_op,3-1. (기타 오픈응답),"nan (1587명, 100.0%)",,,
q3_2_1,"3-2. (①, ②, ③ 불만족 응답자만) 
수원시 시정운영에 만족하시는 경우, 그 이유는 무엇입니까? 2가지를 중요한 순서대로 선택해 주십시오. (1순위)","nan (1490명, 93.9%)","3.0 (25명, 1.6%)","2.0 (22명, 1.4%)","① 수원시 정책 추진 방향이 공감되지 않아서
② 정책 추진력 및 속도가 느려서
③ 시민과의 소통 및 경청이 부족해서
④ 정책이 내 삶에 도움이 되지 않아서
⑤ 시정 운영이 불안정해서 
⑥ 정부, 경기도, 타지자체와 협력을 못해서
⑦ 정책 홍보를 못해서
⑧ 기타(                           )"
q3_2_2,"3-2. (①, ②, ③ 불만족 응답자만) 
수원시 시정운영에 만족하지 않는 경우, 그 이유는 무엇입니까? 2가지를 중요한 순서대로 선택해 주십시오. (2순위)","nan (1490명, 93.9%)","5.0 (19명, 1.2%)","4.0 (17명, 1.1%)","① 수원시 정책 추진 방향이 공감되지 않아서
② 정책 추진력 및 속도가 느려서
③ 시민과의 소통 및 경청이 부족해서
④ 정책이 내 삶에 도움이 되지 않아서
⑤ 시정 운영이 불안정해서 
⑥ 정부, 경기도, 타지자체와 협력을 못해서
⑦ 정책 홍보를 못해서
⑧ 기타(                           )"
q3_2_op,3-2. (기타 오픈응답),"nan (1587명, 100.0%)",,,
q4,"4. 민선8기 이재준 시장 취임 당시 가졌던 기대감과 현재 수원시정의 성과를 비교할 때, 취임당시 기대감 대비 현재 성과는 어떻습니까?","2 (622명, 39.2%)","1 (493명, 31.1%)","3 (240명, 15.1%)","① 잘 할 것이라 기대했고, 기대한 만큼 대체로 잘 한다
② 별로 기대하지 않았는데, 기대 이상으로 잘 한다
③ 잘 할 것이라 기대했는데, 대체로 기대에 못 미친다
④ 별로 기대하지 않았고, 역시 잘 못한다
⑤ 잘 모르겠다 "
q5_1,"5. 귀하는 다음과 같은 측면에서 수원시의 시정 운영을 어떻게 평가하십니까? 
_1. 수원시는 정책을 만들고 실행하는 과정에서 시민, 시의회와의 소통을 원활히 하고 있다","6 (554명, 34.9%)","5 (498명, 31.4%)","4 (228명, 14.4%)","① 매우 낮게 평가 한다 
②
③
④ 보통이다
⑤
⑥
⑦ 매우 높게 평가 한다"
q5_2,"5. 귀하는 다음과 같은 측면에서 수원시의 시정 운영을 어떻게 평가하십니까? 
_2. 수원시는 정책이 특정 집단에 치우치지 않고 모든 사람에게 공평하게 혜택을 주며, 차별을 방지하려고 노력하고 있다.","5 (454명, 28.6%)","6 (398명, 25.1%)","4 (316명, 19.9%)","① 매우 낮게 평가 한다 
②
③
④ 보통이다
⑤
⑥
⑦ 매우 높게 평가 한다"
q5_3,"5. 귀하는 다음과 같은 측면에서 수원시의 시정 운영을 어떻게 평가하십니까? 
_3. 수원시는 정책 목표를 효과적으로 달성하고 있다","5 (432명, 27.2%)","6 (431명, 27.2%)","7 (287명, 18.1%)","① 매우 낮게 평가 한다 
②
③
④ 보통이다
⑤
⑥
⑦ 매우 높게 평가 한다"
q5_4,"5. 귀하는 다음과 같은 측면에서 수원시의 시정 운영을 어떻게 평가하십니까? 
_4. 수원시 정책은 정책의 영향을 직접 받는 사람들에 잘 전달되고 있다","5 (532명, 33.5%)","6 (389명, 24.5%)","7 (269명, 17.0%)","① 매우 낮게 평가 한다 
②
③
④ 보통이다
⑤
⑥
⑦ 매우 높게 평가 한다"
q5_5,"5. 귀하는 다음과 같은 측면에서 수원시의 시정 운영을 어떻게 평가하십니까? 
_5. 수원시는 위기 상황에서도 효과적으로 대처할 수 있는 역량을 갖추고 있다 ","5 (486명, 30.6%)","6 (441명, 27.8%)","4 (280명, 17.6%)","① 매우 낮게 평가 한다 
②
③
④ 보통이다
⑤
⑥
⑦ 매우 높게 평가 한다"
q6,6. 귀하는 수원시 의회의 의정활동 전반에 대해서 얼마나 만족하십니까? ,"5 (477명, 30.1%)","6 (470명, 29.6%)","4 (299명, 18.8%)","① 전혀 만족하지 못한다
②
③
④ 보통이다
⑤
⑥
⑦ 매우 만족한다"
q7,"7. 제12대 수원특례시의회 의정활동 시작 당시 가졌던 기대감과 현재 수원특례시의회의 성과를 비교할 때, 당시 기대감 대비 현재 성과는 어떻습니까?","2 (630명, 39.7%)","1 (474명, 29.9%)","3 (217명, 13.7%)","① 잘 할 것이라 기대했고, 기대한 만큼 대체로 잘 한다
② 별로 기대하지 않았는데, 기대 이상으로 잘 한다
③ 잘 할 것이라 기대했는데, 대체로 기대에 못 미친다
④ 별로 기대하지 않았고, 역시 잘 못한다
⑤ 잘 모르겠다 "
q8_1,"8. 귀하는 다음의 내용에 얼마나 동의하십니까?. 
_1. [삶의 만족도] 선생님께서는 지금 살고 있는 지역의 생활에 만족하십니까? ","4 (894명, 56.3%)","3 (331명, 20.9%)","5 (271명, 17.1%)","① 전혀 동의하지 않는다
② 동의하지 않는다
③ 보통이다
④ 동의한다  
⑤ 매우 동의한다"
q8_2,"8. 귀하는 다음의 내용에 얼마나 동의하십니까?. 
_2. [기초단체장 직무활동 평가] 선생님께서는 우리 지역의 이재준 시장이 일을 잘 한다고 생각하십니까?","4 (656명, 41.3%)","3 (456명, 28.7%)","5 (318명, 20.0%)","① 전혀 동의하지 않는다
② 동의하지 않는다
③ 보통이다
④ 동의한다  
⑤ 매우 동의한다"
q8_3,"8. 귀하는 다음의 내용에 얼마나 동의하십니까?. 
_3. [경제활동 일자리] 선생님께서는 우리 지역 내에 원하는 일자리를 쉽게 구할 수 있고 노력한 만큼 소득을 창출할 수 있다고 생각하십니까?","4 (551명, 34.7%)","3 (512명, 32.3%)","5 (341명, 21.5%)","① 전혀 동의하지 않는다
② 동의하지 않는다
③ 보통이다
④ 동의한다  
⑤ 매우 동의한다"
q8_4,"8. 귀하는 다음의 내용에 얼마나 동의하십니까?. 
_4. [복지] 선생님께서는 우리 지역 내 복지 시설이 충분하고 각종 복지 서비스도 좋다고 생각하십니까?","4 (703명, 44.3%)","3 (403명, 25.4%)","5 (340명, 21.4%)","① 전혀 동의하지 않는다
② 동의하지 않는다
③ 보통이다
④ 동의한다  
⑤ 매우 동의한다"
q8_5,"8. 귀하는 다음의 내용에 얼마나 동의하십니까?. 
_5. [생활환경] 선생님께서는 우리 지역 내에 주택, 도로 등이 잘 정비되어 있고 대중교통 접근성도 편리하다고 생각하십니까?","4 (686명, 43.2%)","3 (383명, 24.1%)","5 (328명, 20.7%)","① 전혀 동의하지 않는다
② 동의하지 않는다
③ 보통이다
④ 동의한다  
⑤ 매우 동의한다"
q8_6,"8. 귀하는 다음의 내용에 얼마나 동의하십니까?. 
_6. [교육] 선생님께서는 우리 지역의 초·중·고 학생들은 좋은 수준의 학교 교육을 받을 수 있고, 어른들도 교양 등 원하는 것을 배울 수 있는 평생교육 기회가 충분하다고 생각하십니까?","4 (705명, 44.4%)","3 (379명, 23.9%)","5 (372명, 23.4%)","① 전혀 동의하지 않는다
② 동의하지 않는다
③ 보통이다
④ 동의한다  
⑤ 매우 동의한다"
q8_7,"8. 귀하는 다음의 내용에 얼마나 동의하십니까?. 
_7. [문화·체육] 선생님께서는 우리 지역의 문화·체육 시설과 프로그램이 만족스럽다고 생각하십니까?","4 (666명, 42.0%)","3 (438명, 27.6%)","5 (344명, 21.7%)","① 전혀 동의하지 않는다
② 동의하지 않는다
③ 보통이다
④ 동의한다  
⑤ 매우 동의한다"
q8_8,"8. 귀하는 다음의 내용에 얼마나 동의하십니까?. 
_8. [안전] 선생님께서는 우리 지역의 자연재해 및 재난 대응, 치안 그리고 소방 등의 서비스가 만족스럽다고 생각하십니까?","4 (704명, 44.4%)","3 (423명, 26.7%)","5 (314명, 19.8%)","① 전혀 동의하지 않는다
② 동의하지 않는다
③ 보통이다
④ 동의한다  
⑤ 매우 동의한다"
q8_9,"8. 귀하는 다음의 내용에 얼마나 동의하십니까?. 
_9. [환경] 선생님께서는 우리 지역의 대기질, 수질, 쓰레기 및 폐기물처리 서비스 등이 만족스럽다고 생각하십니까?","4 (732명, 46.1%)","3 (466명, 29.4%)","5 (264명, 16.6%)","① 전혀 동의하지 않는다
② 동의하지 않는다
③ 보통이다
④ 동의한다  
⑤ 매우 동의한다"
q9,9. 귀하가 수원에 거주한 기간은 얼마나 되십니까? ,"5 (1007명, 63.5%)","4 (393명, 24.8%)","3 (130명, 8.2%)","① 1년 미만					
② 1년 이상 ~ 3년 미만
③ 3년 이상 ~ 5년 미만			
④ 5년 이상 ~ 10년 미만
⑤ 10년 이상"
q10,10. 현재 귀하가 느끼는 수원시의 이미지는 어떤가요? ,"1 (459명, 28.9%)","2 (283명, 17.8%)","4 (269명, 17.0%)","① 역사와 전통이 살아 있는 도시
② 첨단 산업이 발달한 도시
③ 교육·문화 인프라가 좋은 도시
④ 주거와 교통이 편리한 도시
⑤ 활기찬 상업과 소비 도시
⑥ 행정 중심 도시 (특례시, 도청 등)
⑦ 환경 친화적이고 살기 좋은 도시
⑧ 기타 (          )"
q10_op,10. (기타 오픈응답),"nan (1577명, 99.4%)","삼성전자 (1명, 0.1%)","인구 밀도가 너무 높고, 구도심의 느낌. (1명, 0.1%)",
q11,11. 수원시의 현재 도시 이미지를 어떻게 평가하십니까?,"2 (858명, 54.1%)","1 (367명, 23.1%)","3 (283명, 17.8%)","① 매우 긍정적이다
② 대체로 긍정적이다
③ 보통이다
④ 다소 부정적이다
⑤ 매우 부정적이다"
q12_1_1,"12. 1949년 시 승격 이후, 수원의 도시 발전에 가장 큰 영향을 준 장면 또는 변화는 무엇이라고 생각하시나요? 각 시기별로 2개를 선택해 주십시오. 
_1. 2000년 이전 (1순위)","2 (471명, 29.7%)","1 (287명, 18.1%)","3 (244명, 15.4%)","① 경기도청 이전(1967년)
② 삼성전자 수원사업장 설립(1969년)
③ 신갈 IC(수원 IC) 개통(1968년) 및 경부고속도로 개통(1970년)
④ 수도권 전철 1호선 수원역 연장(1974년)
⑤ 행정구(區)제 실시(1988년 장안구, 권선구, 1993년 팔달구, 2003년 영통구)
⑥ 동수원(인계동과 매탄동 일대) 개발(1988년)
⑦ 환경기초시설 설치(공공하수처리시설, 자원회수시설 등)(1990년대)
⑧ 영통 신도시 개발(1990년대 중반)
⑨ 2095 수원발전기획단, 수원미래 100주년 기획(1995년)
⑩ 수원화성 세계문화유산 등재(1997년)
⑪ 수원연화장 설치(1997-2001년)
⑫ 아름다운 화장실 운동(1999년)"
q12_1_2,"12. 1949년 시 승격 이후, 수원의 도시 발전에 가장 큰 영향을 준 장면 또는 변화는 무엇이라고 생각하시나요? 각 시기별로 2개를 선택해 주십시오. 
_1. 2000년 이전 (2순위)","3 (216명, 13.6%)","10 (188명, 11.8%)","5 (184명, 11.6%)","① 경기도청 이전(1967년)
② 삼성전자 수원사업장 설립(1969년)
③ 신갈 IC(수원 IC) 개통(1968년) 및 경부고속도로 개통(1970년)
④ 수도권 전철 1호선 수원역 연장(1974년)
⑤ 행정구(區)제 실시(1988년 장안구, 권선구, 1993년 팔달구, 2003년 영통구)
⑥ 동수원(인계동과 매탄동 일대) 개발(1988년)
⑦ 환경기초시설 설치(공공하수처리시설, 자원회수시설 등)(1990년대)
⑧ 영통 신도시 개발(1990년대 중반)
⑨ 2095 수원발전기획단, 수원미래 100주년 기획(1995년)
⑩ 수원화성 세계문화유산 등재(1997년)
⑪ 수원연화장 설치(1997-2001년)
⑫ 아름다운 화장실 운동(1999년)"
q12_2_1,"1949년 시 승격 이후, 수원의 도시 발전에 가장 큰 영향을 준 장면 또는 변화는 무엇이라고 생각하시나요? 각 시기별로 2개를 선택해 주십시오. 
_2. 2000년 이후 (1순위)","5 (310명, 19.5%)","2 (240명, 15.1%)","3 (227명, 14.3%)","① 월드컵 경기장 유치 및 2002 한일 월드컵 개최(2002년)
② 평생학습도시 지정(2005년) 및 수원시 평생학습관 설립(2011년)
③ 수원산업단지(델타플렉스) 조성(2006-2016년)
④ 수원천 생태하천복원(2007-2012년)
⑤ 광교신도시 개발(2007년) 및 입주(2011년)
⑥ 프로야구 제10구단(KT Wiz) 유치(2013년)
⑦ 시민참여형 도시기본계획 수립(2013년, 2025년)
⑧ 생태교통 수원 2013(행궁동 차없는 마을)(2013년)
⑨ 수원분당선 연장 개통(2013년), 신분당선 개통(2016년)
⑩ 수원컨벤션센터 개관(2019년)
⑪ 수원시 북부순환도로 개통(2020년)
⑫ 수원특례시 지정(2022년)
⑬ 수원(일월, 영흥) 수목원 개장(2023년)"
q12_2_2,"1949년 시 승격 이후, 수원의 도시 발전에 가장 큰 영향을 준 장면 또는 변화는 무엇이라고 생각하시나요? 각 시기별로 2개를 선택해 주십시오. 
_2. 2000년 이후 (2순위)","9.0 (238명, 15.0%)","5.0 (218명, 13.7%)","12.0 (143명, 9.0%)","① 월드컵 경기장 유치 및 2002 한일 월드컵 개최(2002년)
② 평생학습도시 지정(2005년) 및 수원시 평생학습관 설립(2011년)
③ 수원산업단지(델타플렉스) 조성(2006-2016년)
④ 수원천 생태하천복원(2007-2012년)
⑤ 광교신도시 개발(2007년) 및 입주(2011년)
⑥ 프로야구 제10구단(KT Wiz) 유치(2013년)
⑦ 시민참여형 도시기본계획 수립(2013년, 2025년)
⑧ 생태교통 수원 2013(행궁동 차없는 마을)(2013년)
⑨ 수원분당선 연장 개통(2013년), 신분당선 개통(2016년)
⑩ 수원컨벤션센터 개관(2019년)
⑪ 수원시 북부순환도로 개통(2020년)
⑫ 수원특례시 지정(2022년)
⑬ 수원(일월, 영흥) 수목원 개장(2023년)"
q13_1,"13. 귀하가 생각하기에 수원시 도시 발전에 가장 큰 영향을 미쳤다고 생각하는 세 가지를 우선순위에 따라 선택해 주세요(1순위가 가장 영향력이 크다고 판단되는 항목입니다.)  
(1순위)","2 (376명, 23.7%)","3 (194명, 12.2%)","4 (175명, 11.0%)","① 경기도청 이전
② 삼성전자 수원사업장 설립
③ 신갈 IC(수원 IC) 개통 및 경부고속도로 개통
④ 수도권 전철 1호선 수원역 연장
⑤ 행정구(區)제 실시(장안구, 권선구, 팔달구, 영통구)
⑥ 동수원(인계동과 매탄동 일대) 개발
⑦ 환경기초시설 설치(공공하수처리시설, 자원회수시설 등)
⑧ 영통 신도시 개발
⑨ 2095 수원발전기획단, 수원미래 100주년 기획
⑩ 수원화성 세계문화유산 등재
⑪ 수원연화장 설치
⑫ 아름다운 화장실 운동
⑬ 월드컵 경기장 유치 및 2002 한일 월드컵 개최
⑭ 평생학습도시 지정 및 수원시 평생학습관 설립
⑮ 수원산업단지(델타플렉스) 조성
⑯ 수원천 생태하천복원
⑰ 광교신도시 개발 및 입주
⑱ 프로야구 제10구단(KT Wiz) 유치
⑲ 시민참여형 도시기본계획 수립
⑳ 생태교통 수원 2013(행궁동 차없는 마을)
㉑ 수원분당선 연장 개통, 신분당선 개통
㉒ 수원컨벤션센터 개관
㉓ 수원시 북부순환도로 개통
㉔ 수원특례시 지정
㉕ 수원(일월, 영흥) 수목원 개장"
q13_2,"13. 귀하가 생각하기에 수원시 도시 발전에 가장 큰 영향을 미쳤다고 생각하는 세 가지를 우선순위에 따라 선택해 주세요(1순위가 가장 영향력이 크다고 판단되는 항목입니다.)  
(2순위)","3 (155명, 9.8%)","4 (146명, 9.2%)","2 (135명, 8.5%)","① 경기도청 이전
② 삼성전자 수원사업장 설립
③ 신갈 IC(수원 IC) 개통 및 경부고속도로 개통
④ 수도권 전철 1호선 수원역 연장
⑤ 행정구(區)제 실시(장안구, 권선구, 팔달구, 영통구)
⑥ 동수원(인계동과 매탄동 일대) 개발
⑦ 환경기초시설 설치(공공하수처리시설, 자원회수시설 등)
⑧ 영통 신도시 개발
⑨ 2095 수원발전기획단, 수원미래 100주년 기획
⑩ 수원화성 세계문화유산 등재
⑪ 수원연화장 설치
⑫ 아름다운 화장실 운동
⑬ 월드컵 경기장 유치 및 2002 한일 월드컵 개최
⑭ 평생학습도시 지정 및 수원시 평생학습관 설립
⑮ 수원산업단지(델타플렉스) 조성
⑯ 수원천 생태하천복원
⑰ 광교신도시 개발 및 입주
⑱ 프로야구 제10구단(KT Wiz) 유치
⑲ 시민참여형 도시기본계획 수립
⑳ 생태교통 수원 2013(행궁동 차없는 마을)
㉑ 수원분당선 연장 개통, 신분당선 개통
㉒ 수원컨벤션센터 개관
㉓ 수원시 북부순환도로 개통
㉔ 수원특례시 지정
㉕ 수원(일월, 영흥) 수목원 개장"
q13_3,"13. 귀하가 생각하기에 수원시 도시 발전에 가장 큰 영향을 미쳤다고 생각하는 세 가지를 우선순위에 따라 선택해 주세요(1순위가 가장 영향력이 크다고 판단되는 항목입니다.)  
(3순위)","4 (131명, 8.3%)","24 (117명, 7.4%)","21 (112명, 7.1%)","① 경기도청 이전
② 삼성전자 수원사업장 설립
③ 신갈 IC(수원 IC) 개통 및 경부고속도로 개통
④ 수도권 전철 1호선 수원역 연장
⑤ 행정구(區)제 실시(장안구, 권선구, 팔달구, 영통구)
⑥ 동수원(인계동과 매탄동 일대) 개발
⑦ 환경기초시설 설치(공공하수처리시설, 자원회수시설 등)
⑧ 영통 신도시 개발
⑨ 2095 수원발전기획단, 수원미래 100주년 기획
⑩ 수원화성 세계문화유산 등재
⑪ 수원연화장 설치
⑫ 아름다운 화장실 운동
⑬ 월드컵 경기장 유치 및 2002 한일 월드컵 개최
⑭ 평생학습도시 지정 및 수원시 평생학습관 설립
⑮ 수원산업단지(델타플렉스) 조성
⑯ 수원천 생태하천복원
⑰ 광교신도시 개발 및 입주
⑱ 프로야구 제10구단(KT Wiz) 유치
⑲ 시민참여형 도시기본계획 수립
⑳ 생태교통 수원 2013(행궁동 차없는 마을)
㉑ 수원분당선 연장 개통, 신분당선 개통
㉒ 수원컨벤션센터 개관
㉓ 수원시 북부순환도로 개통
㉔ 수원특례시 지정
㉕ 수원(일월, 영흥) 수목원 개장"
q14,14. 귀하가 생각하시기에 2040년 수원의 미래 발전을 위해 가장 중요한 사업이 무엇이라고 생각하십니까?,"3 (394명, 24.8%)","6 (318명, 20.0%)","10 (131명, 8.3%)","① 서수원 경제자유구역 지정
② 수도권 규제 개선
③ 환상형 첨단과학 혁신클러스터 조성(수원 R&D 사이언스 파크, 탑동이노베이션밸리, 북수원테크노밸리, 우만테크노밸리, 광교테크노밸리, 델타플렉스)
④ 수원 군공항 이전
⑤ 역세권 고밀도 복합개발 
⑥ 광역철도망 구축(신분당선(광교~호매실), 동탄인덕원복선전철, GTX-C, 경기남부광역철도, 수원발 KTX 직결 등 )
⑦ 인접도시(화성, 오산, 용인, 평택 등)와 광역 연합·통합 추진
⑧ 지역대학(성균관대, 아주대, 경기대 등) 연계 캠퍼스타운 조성
⑨ 새빛펀드·융자 등 첨단기업유치
⑩ 노후도시 재개발·재건축
⑪ 종합운동장 스포츠 복합시설 조성
⑫ 수원형 통합돌봄서비스 새빛돌봄
⑬ 수원형 저층 주거지 집수리 지원, 새빛하우스
⑭ 탄소중립그린도시 조성
⑮ 마을공터, 유휴지, 자투리 땅 등 손바닥 정원 조성
⑯ 기타(                                    )    "
q14_op,14. (기타 오픈응답),"nan (1584명, 99.8%)","굉교역세권 개발 (1명, 0.1%)","지역난방센터 이전 후 문화 및 생태환경시설 조성 (1명, 0.1%)",
q15,15. 귀하께서는 ‘글로벌 첨단 과학 연구 도시’라고 했을 때 어떤 이미지가 가장 먼저 떠오르시나요? 가장 가까운 항목을 선택해 주세요. ,"3 (445명, 28.0%)","2 (336명, 21.2%)","5 (307명, 19.3%)","① 첨단 연구소와 대학이 집적된 과학기술 혁신 도시
② 세계 각국의 과학자와 기업이 모여 연구·교류하는 국제 과학 허브 도시
③ AI, 데이터 등 과학기술 기반의 지속가능한 스마트 도시
④ 청년 인재와 스타트업이 활발히 활동하는 창업 중심 도시
⑤ 반도체·바이오 등 첨단산업이 성장하는 산업 중심 도시
⑥ 외국인 방문과 글로벌 교류가 활발한 국제 친화 도시
⑦ 기타(                         )"
q15_op,15. (기타 오픈응답),"nan (1587명, 100.0%)",,,
q16,16. 귀하께서는 수원이 ‘글로벌 첨단 과학 연구 도시’ 가 되기 위해 다음 중 무엇을 가장 우선적으로 투자해야 한다고 생각하십니까?,"4 (277명, 17.5%)","2 (247명, 15.6%)","3 (242명, 15.2%)","① 공공 안전 강화 (예: 범죄예방, 재난 대응 체계 등)
② 환경 보호 및 개선 (예: 녹지 확대, 미세먼지 저감, 친환경 교통 등)
③ 문화 및 예술 지원 (예: 지역 축제, 공연장·전시 공간 확대 등)
④ 교통 및 인프라 개선 (예: 대중교통 확충, 도로 체계 개선 등)
⑤ 공항 접근성 개선 및 수원군공항 이전 추진
⑥ 광역 교통망 확충 (예: 신분당선 연장, 신수원선, GTX 등)
⑦ 도시 경관 및 야간 경관 개선 (예: 수원천·화성 주변 경관 조명 등)
⑧ 청년과 가족을 위한 정주 여건 개선 (예: 주거, 일자리, 육아 환경 등)
⑨ 도시 브랜드 및 국제 교류 활성화 (예: 해외 도시와의 자매결연, 국제 행사 유치 등)
⑩ 스마트 도시 기반 확대 (예: 디지털 행정, 자율주행 인프라 등)
⑪ 기타 (            )"
q16_op,16. (기타 오픈응답),"nan (1583명, 99.7%)","AI관련 경쟁력있는 기업에 투자 (1명, 0.1%)","해외에서 온 연구원 및 그 가족들의 한국 정착 프로그램 활성화 (1명, 0.1%)",
q17,17. 귀하는 수원시민이라는 사실에 대해 자부심을 느끼십니까?,"2 (772명, 48.6%)","1 (387명, 24.4%)","3 (306명, 19.3%)","① 매우 자부심을 느낀다(17-1로 이동)
② 어느 정도 자부심을 느낀다 (17-1로 이동)
③ 보통이다
④ 크게 느끼지 않는다
⑤ 전혀 느끼지 않는다"
q17_1,17-1. 자부심을 느끼는 이유는 무엇인가요? ,"nan (428명, 27.0%)","1.0 (338명, 21.3%)","2.0 (296명, 18.7%)","① 수원화성 등 뛰어난 역사·문화유산
② 삼성전자 등 글로벌 기업의 본사 위치
③ 다양한 문화예술, 스포츠 인프라
④ 교육환경 및 학군
⑤ 살기 좋은 주거환경과 교통 인프라
⑥ 특별시·광역시 못지않은 행정서비스
⑦ 기타(          )"
q17_1_op,17-1. (기타 오픈응답),"nan (1581명, 99.6%)","내가 태어나서 자라고 사는 나의 도시 (1명, 0.1%)","살기 좋은 주거환경 전적 동의, 서울로 향하는 교통 인프라 구축은 잘 되어있으나 수원 내 이동을 위한 교통 인프라는 미흡 (1명, 0.1%)",
q18_1,"18. 귀하는 다음과 같이 다른 문화적 배경을 가진 이웃과 함께 사는 것에 대해 괜찮다고 생각하십니까? 
_1. 인종이 다른 사람들","1 (1035명, 65.2%)","2 (311명, 19.6%)","3 (241명, 15.2%)","① 네
② 아니요
③ 확실히 모르겠다"
q18_2,"18. 귀하는 다음과 같이 다른 문화적 배경을 가진 이웃과 함께 사는 것에 대해 괜찮다고 생각하십니까? 
_2. 이민자 또는 외국인 근로자","1 (959명, 60.4%)","2 (364명, 22.9%)","3 (264명, 16.6%)","① 네
② 아니요
③ 확실히 모르겠다"
q18_3,"18. 귀하는 다음과 같이 다른 문화적 배경을 가진 이웃과 함께 사는 것에 대해 괜찮다고 생각하십니까? 
_3. 종교가 다른 사람들","1 (1033명, 65.1%)","2 (277명, 17.5%)","3 (277명, 17.5%)","① 네
② 아니요
③ 확실히 모르겠다"
q19_1,"19. 다음 중 귀하께서 이웃으로 삼고 싶지 않은 집단이 있으십니까? 있다면 모두 선택해 주십시오.
(중복응답) (첫째자리)","2 (983명, 61.9%)","1 (326명, 20.5%)","4 (84명, 5.3%)","① 없음
② 약물 중독자
③ 인종이 다른 사람
④ 에이즈 감염자
⑤ 이민자 또는 외국인 근로자
⑥ 동성애자
⑦ 종교가 다른 사람
⑧ 음주 사고가 잦은 사람
⑨ 결혼하지 않고 함께 사는 커플
⑩ 새터민
⑪ 기타 (            )"
q19_2,"19. 다음 중 귀하께서 이웃으로 삼고 싶지 않은 집단이 있으십니까? 있다면 모두 선택해 주십시오.
(중복응답) (둘째자리)","nan (624명, 39.3%)","4.0 (539명, 34.0%)","8.0 (193명, 12.2%)","① 없음
② 약물 중독자
③ 인종이 다른 사람
④ 에이즈 감염자
⑤ 이민자 또는 외국인 근로자
⑥ 동성애자
⑦ 종교가 다른 사람
⑧ 음주 사고가 잦은 사람
⑨ 결혼하지 않고 함께 사는 커플
⑩ 새터민
⑪ 기타 (            )"
q19_3,"19. 다음 중 귀하께서 이웃으로 삼고 싶지 않은 집단이 있으십니까? 있다면 모두 선택해 주십시오.
(중복응답) (셋째자리)","nan (916명, 57.7%)","6.0 (241명, 15.2%)","8.0 (202명, 12.7%)","① 없음
② 약물 중독자
③ 인종이 다른 사람
④ 에이즈 감염자
⑤ 이민자 또는 외국인 근로자
⑥ 동성애자
⑦ 종교가 다른 사람
⑧ 음주 사고가 잦은 사람
⑨ 결혼하지 않고 함께 사는 커플
⑩ 새터민
⑪ 기타 (            )"
q19_4,"19. 다음 중 귀하께서 이웃으로 삼고 싶지 않은 집단이 있으십니까? 있다면 모두 선택해 주십시오.
(중복응답) (넷째자리)","nan (1216명, 76.6%)","8.0 (175명, 11.0%)","5.0 (97명, 6.1%)","① 없음
② 약물 중독자
③ 인종이 다른 사람
④ 에이즈 감염자
⑤ 이민자 또는 외국인 근로자
⑥ 동성애자
⑦ 종교가 다른 사람
⑧ 음주 사고가 잦은 사람
⑨ 결혼하지 않고 함께 사는 커플
⑩ 새터민
⑪ 기타 (            )"
q19_5,"19. 다음 중 귀하께서 이웃으로 삼고 싶지 않은 집단이 있으십니까? 있다면 모두 선택해 주십시오.
(중복응답) (다섯째자리)","nan (1411명, 88.9%)","6.0 (79명, 5.0%)","8.0 (56명, 3.5%)","① 없음
② 약물 중독자
③ 인종이 다른 사람
④ 에이즈 감염자
⑤ 이민자 또는 외국인 근로자
⑥ 동성애자
⑦ 종교가 다른 사람
⑧ 음주 사고가 잦은 사람
⑨ 결혼하지 않고 함께 사는 커플
⑩ 새터민
⑪ 기타 (            )"
q19_6,"19. 다음 중 귀하께서 이웃으로 삼고 싶지 않은 집단이 있으십니까? 있다면 모두 선택해 주십시오.
(중복응답) (여섯째자리)","nan (1481명, 93.3%)","7.0 (44명, 2.8%)","8.0 (42명, 2.6%)","① 없음
② 약물 중독자
③ 인종이 다른 사람
④ 에이즈 감염자
⑤ 이민자 또는 외국인 근로자
⑥ 동성애자
⑦ 종교가 다른 사람
⑧ 음주 사고가 잦은 사람
⑨ 결혼하지 않고 함께 사는 커플
⑩ 새터민
⑪ 기타 (            )"
q19_7,"19. 다음 중 귀하께서 이웃으로 삼고 싶지 않은 집단이 있으십니까? 있다면 모두 선택해 주십시오.
(중복응답) (일곱째자리)","nan (1515명, 95.5%)","8.0 (43명, 2.7%)","10.0 (23명, 1.4%)","① 없음
② 약물 중독자
③ 인종이 다른 사람
④ 에이즈 감염자
⑤ 이민자 또는 외국인 근로자
⑥ 동성애자
⑦ 종교가 다른 사람
⑧ 음주 사고가 잦은 사람
⑨ 결혼하지 않고 함께 사는 커플
⑩ 새터민
⑪ 기타 (            )"
q19_8,"19. 다음 중 귀하께서 이웃으로 삼고 싶지 않은 집단이 있으십니까? 있다면 모두 선택해 주십시오.
(중복응답) (여덟째자리)","nan (1544명, 97.3%)","9.0 (30명, 1.9%)","10.0 (12명, 0.8%)","① 없음
② 약물 중독자
③ 인종이 다른 사람
④ 에이즈 감염자
⑤ 이민자 또는 외국인 근로자
⑥ 동성애자
⑦ 종교가 다른 사람
⑧ 음주 사고가 잦은 사람
⑨ 결혼하지 않고 함께 사는 커플
⑩ 새터민
⑪ 기타 (            )"
q19_9,"19. 다음 중 귀하께서 이웃으로 삼고 싶지 않은 집단이 있으십니까? 있다면 모두 선택해 주십시오.
(중복응답) (아홉째자리)","nan (1563명, 98.5%)","10.0 (24명, 1.5%)",,"① 없음
② 약물 중독자
③ 인종이 다른 사람
④ 에이즈 감염자
⑤ 이민자 또는 외국인 근로자
⑥ 동성애자
⑦ 종교가 다른 사람
⑧ 음주 사고가 잦은 사람
⑨ 결혼하지 않고 함께 사는 커플
⑩ 새터민
⑪ 기타 (            )"
q19_10,"19. 다음 중 귀하께서 이웃으로 삼고 싶지 않은 집단이 있으십니까? 있다면 모두 선택해 주십시오.
(중복응답) (열째자리)","nan (1587명, 100.0%)",,,"① 없음
② 약물 중독자
③ 인종이 다른 사람
④ 에이즈 감염자
⑤ 이민자 또는 외국인 근로자
⑥ 동성애자
⑦ 종교가 다른 사람
⑧ 음주 사고가 잦은 사람
⑨ 결혼하지 않고 함께 사는 커플
⑩ 새터민
⑪ 기타 (            )"
q19_op,19. (기타 오픈응답),"nan (1567명, 98.7%)","성범죄자 (2명, 0.1%)","범죄자 (2명, 0.1%)",
q20_1,"20. 귀하는 다음과 같은 내용에 어느 정도 동의하십니까? 다음 항목별로 해당하는 정도를 선택하여 주십시오.
_1. 일자리가 부족할 때는 여성보다 남성이 일자리를 가질 권리가 더 있어야 한다.","3 (459명, 28.9%)","2 (445명, 28.0%)","1 (374명, 23.6%)","① 전혀 동의하지 않는다
② 동의하지 않는다
③ 동의도 반대도 하지 않는다
④ 동의한다
⑤ 매우 동의한다"
q20_2,"20. 귀하는 다음과 같은 내용에 어느 정도 동의하십니까? 다음 항목별로 해당하는 정도를 선택하여 주십시오.
_2. 대체로 남성이 여성보다 더 나은 정치 지도자가 될 수 있다.","3 (454명, 28.6%)","2 (441명, 27.8%)","1 (427명, 26.9%)","① 전혀 동의하지 않는다
② 동의하지 않는다
③ 동의도 반대도 하지 않는다
④ 동의한다
⑤ 매우 동의한다"
q20_3,"20. 귀하는 다음과 같은 내용에 어느 정도 동의하십니까? 다음 항목별로 해당하는 정도를 선택하여 주십시오.
_3. 대학 교육은 여학생보다 남학생에게 더 중요하다.","3 (475명, 29.9%)","1 (473명, 29.8%)","2 (398명, 25.1%)","① 전혀 동의하지 않는다
② 동의하지 않는다
③ 동의도 반대도 하지 않는다
④ 동의한다
⑤ 매우 동의한다"
q21,"21. 귀 댁에서 컴퓨터, 스마트폰(태블릿 PC 포함), 게임기, TV 등을 통해 인터넷(무선인터넷 포함) 접속이 가능하십니까?","1 (1521명, 95.8%)","2 (66명, 4.2%)",,"① 네		
② 아니오"
q21_1,21-1. 귀댁에서 인터넷에 접속하지 않는 이유는 무엇입니까? 해당사항을 모두 선택해 주십시오. ,"nan (1521명, 95.8%)","1.0 (39명, 2.5%)","4.0 (8명, 0.5%)","① 관심 또는 필요가 없어서
② 이용할 자신이 없거나 방법을 몰라서
③ 이용비용이 부담스러워서
④ 콘텐츠 내용이 해로울 것 같아서(자녀 유해사이트 접근 우려 등)
⑤ 사생활 침해가 우려되어서(개인정보 유출 등)
⑥ 보안문제가 우려되어서(바이러스 등)
⑦ 다른 곳에서 인터넷을 이용할 수 있기 때문에
⑧ 기타 (                       )"
q21_1_op,21-1. (기타 오픈응답),"nan (1587명, 100.0%)",,,
q22,22. 귀댁에서는 고정형 인터넷 광대역 서비스 (속도 256kbit/s 이상)에 가입되어 있습니까?,"1 (1427명, 89.9%)","2 (160명, 10.1%)",,"① 네 			
② 아니오"
q22_1,22-1. 해당 서비스에 가입하신 지 얼마나 되셨습니까?,"5.0 (926명, 58.3%)","3.0 (251명, 15.8%)","4.0 (173명, 10.9%)","① 6개월 이내
② 6개월~1년
③ 1~3년
④ 3~5년
⑤ 5년 이상 "
q23,23. [인터넷 이용] 귀하는 최근 언제 인터넷을 이용하셨습니까? ,"1 (1361명, 85.8%)","2 (105명, 6.6%)","3 (52명, 3.3%)","① 최근 24시간 이내
② 24시간 초과 ~ 1주일 이내
③ 1주일 초과 ~ 1개월 이내
④ 1개월 초과 ~ 3개월 이내
⑤ 3개월 초과 ~ 1년 이내"
q24_1,"24. [인터넷 활용] 귀하는 인터넷을 통해 주로 무엇을 하십니까? 우선순위에 따라 3가지 선택해 주십시오. 
(1순위)","2 (632명, 39.8%)","3 (321명, 20.2%)","1 (262명, 16.5%)","① 뉴스나 시사정보 보기
② 유튜브, 넷플릭스 등 영상 콘텐츠 시청
③ 카카오톡, 메신저 등 채팅 및 소셜미디어 사용
④ 쇼핑, 배달 등 온라인 구매
⑤ 인터넷 뱅킹 또는 공과금 납부
⑥ 건강 관련 정보 검색 또는 병원 예약 등
⑦ 직업 및 직장 관련 작업 (화상회의, 구직활동 및 입사지원 등)
⑧ 온라인 교육 또는 학습(예: 대학 사이버 강좌, 직장인 온라인 직무교육 등)
⑨ 게임
⑩ 웹툰 감상
⑪ 공공서비스 이용 (예: 민원신청, 행정서비스 등)
⑫ 기타 (                       )"
q24_2,"24. [인터넷 활용] 귀하는 인터넷을 통해 주로 무엇을 하십니까? 우선순위에 따라 3가지 선택해 주십시오. 
(2순위)","3 (424명, 26.7%)","2 (313명, 19.7%)","4 (207명, 13.0%)","① 뉴스나 시사정보 보기
② 유튜브, 넷플릭스 등 영상 콘텐츠 시청
③ 카카오톡, 메신저 등 채팅 및 소셜미디어 사용
④ 쇼핑, 배달 등 온라인 구매
⑤ 인터넷 뱅킹 또는 공과금 납부
⑥ 건강 관련 정보 검색 또는 병원 예약 등
⑦ 직업 및 직장 관련 작업 (화상회의, 구직활동 및 입사지원 등)
⑧ 온라인 교육 또는 학습(예: 대학 사이버 강좌, 직장인 온라인 직무교육 등)
⑨ 게임
⑩ 웹툰 감상
⑪ 공공서비스 이용 (예: 민원신청, 행정서비스 등)
⑫ 기타 (                       )"
q24_3,"24. [인터넷 활용] 귀하는 인터넷을 통해 주로 무엇을 하십니까? 우선순위에 따라 3가지 선택해 주십시오. 
(3순위)","4 (368명, 23.2%)","3 (235명, 14.8%)","1 (163명, 10.3%)","① 뉴스나 시사정보 보기
② 유튜브, 넷플릭스 등 영상 콘텐츠 시청
③ 카카오톡, 메신저 등 채팅 및 소셜미디어 사용
④ 쇼핑, 배달 등 온라인 구매
⑤ 인터넷 뱅킹 또는 공과금 납부
⑥ 건강 관련 정보 검색 또는 병원 예약 등
⑦ 직업 및 직장 관련 작업 (화상회의, 구직활동 및 입사지원 등)
⑧ 온라인 교육 또는 학습(예: 대학 사이버 강좌, 직장인 온라인 직무교육 등)
⑨ 게임
⑩ 웹툰 감상
⑪ 공공서비스 이용 (예: 민원신청, 행정서비스 등)
⑫ 기타 (                       )"
q24_op,24. (기타 오픈응답),"nan (1586명, 99.9%)","자소서 수정 (1명, 0.1%)",,
q25,"25. 귀댁에서는 인터넷, 스마트폰 등 통신 서비스 가입에 따른 비용이 얼마나 부담되십니까?","4 (509명, 32.1%)","3 (445명, 28.0%)","2 (426명, 26.8%)","① 전혀 부담되지 않는다
② 별로 부담되지 않는다
③ 보통이다
④ 조금 부담된다
⑤ 매우 부담된다"
q26_1,"26. [디지털 활용 능력] 다음 디지털 활용 능력 중에서 귀하께서 가능하신 것은 무엇입니까? 
① 문서에서 복사・붙여넣기 기능을 사용하거나 파일, 폴더 등을 다른곳으로 복사하거나 이동하기","1 (1479명, 93.2%)","0 (108명, 6.8%)",,"해당 선택지에 '가능'으로 응답한 경우 1, '불가능'으로 응답한 경우 0"
q26_2,"26. [디지털 활용 능력] 다음 디지털 활용 능력 중에서 귀하께서 가능하신 것은 무엇입니까? 
② 이메일, 문자, 메신저(카카오톡 등)에 문서, 사진, 영상 등을 첨부하여 보내기","1 (1500명, 94.5%)","0 (87명, 5.5%)",,"해당 선택지에 '가능'으로 응답한 경우 1, '불가능'으로 응답한 경우 0"
q26_3,"26. [디지털 활용 능력] 다음 디지털 활용 능력 중에서 귀하께서 가능하신 것은 무엇입니까? 
③ 엑셀에서 기본적인 수식 사용하기","1 (1359명, 85.6%)","0 (228명, 14.4%)",,"해당 선택지에 '가능'으로 응답한 경우 1, '불가능'으로 응답한 경우 0"
q26_4,"26. [디지털 활용 능력] 다음 디지털 활용 능력 중에서 귀하께서 가능하신 것은 무엇입니까? 
④ 새 장치 연결 및 설치(프린터, 모뎀, 메모리 등)","1 (1327명, 83.6%)","0 (260명, 16.4%)",,"해당 선택지에 '가능'으로 응답한 경우 1, '불가능'으로 응답한 경우 0"
q26_5,"26. [디지털 활용 능력] 다음 디지털 활용 능력 중에서 귀하께서 가능하신 것은 무엇입니까? 
⑤ 소프트웨어 검색, 다운로드, 설치","1 (1395명, 87.9%)","0 (192명, 12.1%)",,"해당 선택지에 '가능'으로 응답한 경우 1, '불가능'으로 응답한 경우 0"
q26_6,"26. [디지털 활용 능력] 다음 디지털 활용 능력 중에서 귀하께서 가능하신 것은 무엇입니까? 
⑥ 한글, 파워포인트 등을 사용하여 발표 자료 만들기","1 (1341명, 84.5%)","0 (246명, 15.5%)",,"해당 선택지에 '가능'으로 응답한 경우 1, '불가능'으로 응답한 경우 0"
q26_7,"26. [디지털 활용 능력] 다음 디지털 활용 능력 중에서 귀하께서 가능하신 것은 무엇입니까? 
⑦ 컴퓨터와 다른 기기 간의 파일 전송(카메라, 스마트폰 등으로부터 사진 및 음악 전송 포함)","1 (1375명, 86.6%)","0 (212명, 13.4%)",,"해당 선택지에 '가능'으로 응답한 경우 1, '불가능'으로 응답한 경우 0"
q26_8,"26. [디지털 활용 능력] 다음 디지털 활용 능력 중에서 귀하께서 가능하신 것은 무엇입니까? 
⑧ 온라인에서 찾은 정보의 신뢰성 확인하기(다른 출처의 정보와 비교・확인하기)","1 (1339명, 84.4%)","0 (248명, 15.6%)",,"해당 선택지에 '가능'으로 응답한 경우 1, '불가능'으로 응답한 경우 0"
q26_9,"26. [디지털 활용 능력] 다음 디지털 활용 능력 중에서 귀하께서 가능하신 것은 무엇입니까? 
⑨  기기나 계정의 보완 조치 설정하기(암호설정, 로그인 시도 알림)","1 (1245명, 78.4%)","0 (342명, 21.6%)",,"해당 선택지에 '가능'으로 응답한 경우 1, '불가능'으로 응답한 경우 0"
q26_10,"26. [디지털 활용 능력] 다음 디지털 활용 능력 중에서 귀하께서 가능하신 것은 무엇입니까? 
⑩ 개인정보가 앱/온라인 계정을 통해 불필요하거나 많이 제공/노출되지 않도록 설정","1 (1118명, 70.4%)","0 (469명, 29.6%)",,"해당 선택지에 '가능'으로 응답한 경우 1, '불가능'으로 응답한 경우 0"
q26_11,"26. [디지털 활용 능력] 다음 디지털 활용 능력 중에서 귀하께서 가능하신 것은 무엇입니까? 
⑪ 특정 언어를 사용한 컴퓨터 프로그래밍, 앱 개발(자바, 파이썬, C++등)","0 (1294명, 81.5%)","1 (293명, 18.5%)",,"해당 선택지에 '가능'으로 응답한 경우 1, '불가능'으로 응답한 경우 0"
q27_1,"27. 다음 중 인공지능 기술을 기반으로 서비스되는 분야에 대한 이용 경험이 있는 분야는 무엇입니까? 해당사항을 모두 선택해 주십시오. 
① 교육・학습","1 (950명, 59.9%)","2 (637명, 40.1%)",,"① 있음
② 없음"
q27_2,"27. 다음 중 인공지능 기술을 기반으로 서비스되는 분야에 대한 이용 경험이 있는 분야는 무엇입니까? 해당사항을 모두 선택해 주십시오. 
② 주거 편의","1 (1124명, 70.8%)","2 (463명, 29.2%)",,"① 있음
② 없음"
q27_3,"27. 다음 중 인공지능 기술을 기반으로 서비스되는 분야에 대한 이용 경험이 있는 분야는 무엇입니까? 해당사항을 모두 선택해 주십시오. 
③ 커뮤니케이션/친교","1 (1099명, 69.3%)","2 (488명, 30.7%)",,"① 있음
② 없음"
q27_4,"27. 다음 중 인공지능 기술을 기반으로 서비스되는 분야에 대한 이용 경험이 있는 분야는 무엇입니까? 해당사항을 모두 선택해 주십시오. 
④ 미디어","1 (1106명, 69.7%)","2 (481명, 30.3%)",,"① 있음
② 없음"
q27_5,"27. 다음 중 인공지능 기술을 기반으로 서비스되는 분야에 대한 이용 경험이 있는 분야는 무엇입니까? 해당사항을 모두 선택해 주십시오. 
⑤ 금융","1 (842명, 53.1%)","2 (745명, 46.9%)",,"① 있음
② 없음"
q27_6,"27. 다음 중 인공지능 기술을 기반으로 서비스되는 분야에 대한 이용 경험이 있는 분야는 무엇입니까? 해당사항을 모두 선택해 주십시오. 
⑥ 교통","1 (990명, 62.4%)","2 (597명, 37.6%)",,"① 있음
② 없음"
q27_7,"27. 다음 중 인공지능 기술을 기반으로 서비스되는 분야에 대한 이용 경험이 있는 분야는 무엇입니까? 해당사항을 모두 선택해 주십시오. 
⑦ 헬스케어","1 (830명, 52.3%)","2 (757명, 47.7%)",,"① 있음
② 없음"
q27_8,"27. 다음 중 인공지능 기술을 기반으로 서비스되는 분야에 대한 이용 경험이 있는 분야는 무엇입니까? 해당사항을 모두 선택해 주십시오. 
⑧ AI 기반 대화형 정보검색","1 (1168명, 73.6%)","2 (419명, 26.4%)",,"① 있음
② 없음"
q27_9,"27. 다음 중 인공지능 기술을 기반으로 서비스되는 분야에 대한 이용 경험이 있는 분야는 무엇입니까? 해당사항을 모두 선택해 주십시오. 
⑨  기타","2 (1475명, 92.9%)","1 (112명, 7.1%)",,"① 있음
② 없음"
q27_op,27. (기타 오픈응답),"nan (1582명, 99.7%)","직장내 AI 소프트웨어 (1명, 0.1%)","컴 잘모름 (1명, 0.1%)",
q27_1_1,"27-1. 각 인공지능 기술 기반의 서비스가 일상생활에서 얼마나 필요하다고 생각하십니까?
① 교육・학습 ","4 (819명, 51.6%)","3 (364명, 22.9%)","5 (297명, 18.7%)","① 전혀 필요하지 않음
② 필요하지 않음
③ 보통
④ 필요함
⑤ 매우 필요함"
q27_1_2,"27-1. 각 인공지능 기술 기반의 서비스가 일상생활에서 얼마나 필요하다고 생각하십니까?
② 주거 편의","4 (718명, 45.2%)","5 (451명, 28.4%)","3 (288명, 18.1%)","① 전혀 필요하지 않음
② 필요하지 않음
③ 보통
④ 필요함
⑤ 매우 필요함"
q27_1_3,"27-1. 각 인공지능 기술 기반의 서비스가 일상생활에서 얼마나 필요하다고 생각하십니까?
③ 커뮤니케이션/친교","4 (694명, 43.7%)","3 (384명, 24.2%)","5 (382명, 24.1%)","① 전혀 필요하지 않음
② 필요하지 않음
③ 보통
④ 필요함
⑤ 매우 필요함"
q27_1_4,"27-1. 각 인공지능 기술 기반의 서비스가 일상생활에서 얼마나 필요하다고 생각하십니까?
④ 미디어","4 (717명, 45.2%)","3 (388명, 24.4%)","5 (383명, 24.1%)","① 전혀 필요하지 않음
② 필요하지 않음
③ 보통
④ 필요함
⑤ 매우 필요함"
q27_1_5,"27-1. 각 인공지능 기술 기반의 서비스가 일상생활에서 얼마나 필요하다고 생각하십니까?
⑤ 금융","4 (623명, 39.3%)","3 (427명, 26.9%)","5 (426명, 26.8%)","① 전혀 필요하지 않음
② 필요하지 않음
③ 보통
④ 필요함
⑤ 매우 필요함"
q27_1_6,"27-1. 각 인공지능 기술 기반의 서비스가 일상생활에서 얼마나 필요하다고 생각하십니까?
⑥ 교통","4 (688명, 43.4%)","5 (484명, 30.5%)","3 (339명, 21.4%)","① 전혀 필요하지 않음
② 필요하지 않음
③ 보통
④ 필요함
⑤ 매우 필요함"
q27_1_7,"27-1. 각 인공지능 기술 기반의 서비스가 일상생활에서 얼마나 필요하다고 생각하십니까?
⑦ 헬스케어","4 (741명, 46.7%)","3 (364명, 22.9%)","5 (349명, 22.0%)","① 전혀 필요하지 않음
② 필요하지 않음
③ 보통
④ 필요함
⑤ 매우 필요함"
q27_1_8,"27-1. 각 인공지능 기술 기반의 서비스가 일상생활에서 얼마나 필요하다고 생각하십니까?
⑧ AI 기반 대화형 정보검색","4 (711명, 44.8%)","5 (479명, 30.2%)","3 (310명, 19.5%)","① 전혀 필요하지 않음
② 필요하지 않음
③ 보통
④ 필요함
⑤ 매우 필요함"
q27_2_1,"27-2. 각 서비스별로 향후 이용하실 의향이 있으십니까?
① 교육・학습","1 (1232명, 77.6%)","2 (355명, 22.4%)",,"① 있음
② 없음"
q27_2_2,"27-2. 각 서비스별로 향후 이용하실 의향이 있으십니까?
② 주거 편의","1 (1330명, 83.8%)","2 (257명, 16.2%)",,"① 있음
② 없음"
q27_2_3,"27-2. 각 서비스별로 향후 이용하실 의향이 있으십니까?
③ 커뮤니케이션/친교","1 (1237명, 77.9%)","2 (350명, 22.1%)",,"① 있음
② 없음"
q27_2_4,"27-2. 각 서비스별로 향후 이용하실 의향이 있으십니까?
④ 미디어","1 (1279명, 80.6%)","2 (308명, 19.4%)",,"① 있음
② 없음"
q27_2_5,"27-2. 각 서비스별로 향후 이용하실 의향이 있으십니까?
⑤ 금융","1 (1238명, 78.0%)","2 (349명, 22.0%)",,"① 있음
② 없음"
q27_2_6,"27-2. 각 서비스별로 향후 이용하실 의향이 있으십니까?
⑥ 교통","1 (1308명, 82.4%)","2 (279명, 17.6%)",,"① 있음
② 없음"
q27_2_7,"27-2. 각 서비스별로 향후 이용하실 의향이 있으십니까?
⑦ 헬스케어","1 (1237명, 77.9%)","2 (350명, 22.1%)",,"① 있음
② 없음"
q27_2_8,"27-2. 각 서비스별로 향후 이용하실 의향이 있으십니까?
⑧ AI 기반 대화형 정보검색","1 (1280명, 80.7%)","2 (307명, 19.3%)",,"① 있음
② 없음"
q27_2_9,"27-2. 각 서비스별로 향후 이용하실 의향이 있으십니까?
⑨  기타","2 (1347명, 84.9%)","1 (240명, 15.1%)",,"① 있음
② 없음"
q27_2_op,27-2. (기타 오픈응답),"nan (1585명, 99.9%)","글쓰기 (1명, 0.1%)","사물인터넷 (1명, 0.1%)",
q28_1,"28. [인공지능] 귀하는 평소 인공지능 서비스에 대해 어떤 생각을 가지고 계십니까? 다음 항목별로 해당하는 정도를 선택하여 주십시오.
_1. 인공지능 서비스가 내 일상이나 업무에 긍정적인 영향을 미칠 것이다","6 (662명, 41.7%)","5 (381명, 24.0%)","7 (277명, 17.5%)","① 전혀 그렇지 않다
② 
③ 
④ 보통이다
⑤ 
⑥ 
⑦ 매우 그렇다"
q28_2,"28. [인공지능] 귀하는 평소 인공지능 서비스에 대해 어떤 생각을 가지고 계십니까? 다음 항목별로 해당하는 정도를 선택하여 주십시오.
_2. 인공지능 기술발전이 우리 사회 전반에 긍정적인 영향을 미칠 것이다","6 (521명, 32.8%)","5 (432명, 27.2%)","7 (346명, 21.8%)","① 전혀 그렇지 않다
② 
③ 
④ 보통이다
⑤ 
⑥ 
⑦ 매우 그렇다"
q28_3,"28. [인공지능] 귀하는 평소 인공지능 서비스에 대해 어떤 생각을 가지고 계십니까? 다음 항목별로 해당하는 정도를 선택하여 주십시오.
_3. 인공지능 서비스는 나에게 심리적인 도움이나 즐거움을 준다","6 (440명, 27.7%)","5 (427명, 26.9%)","7 (331명, 20.9%)","① 전혀 그렇지 않다
② 
③ 
④ 보통이다
⑤ 
⑥ 
⑦ 매우 그렇다"
q28_4,"28. [인공지능] 귀하는 평소 인공지능 서비스에 대해 어떤 생각을 가지고 계십니까? 다음 항목별로 해당하는 정도를 선택하여 주십시오.
_4. 인공지능 서비스는 모두에게 공정하고 차별 없는 서비스이다","6 (424명, 26.7%)","5 (391명, 24.6%)","7 (300명, 18.9%)","① 전혀 그렇지 않다
② 
③ 
④ 보통이다
⑤ 
⑥ 
⑦ 매우 그렇다"
q28_5,"28. [인공지능] 귀하는 평소 인공지능 서비스에 대해 어떤 생각을 가지고 계십니까? 다음 항목별로 해당하는 정도를 선택하여 주십시오.
_5. 인공지능 서비스가 제공하는 정보나 결과물을 신뢰할 수 있다","6 (451명, 28.4%)","5 (437명, 27.5%)","4 (274명, 17.3%)","① 전혀 그렇지 않다
② 
③ 
④ 보통이다
⑤ 
⑥ 
⑦ 매우 그렇다"
q29_1,"29. 인공지능(AI) 시대를 선도하기 위해 수원시가 가장 시급하게 추진해야 하는 정책은 무엇이라고 생각하십니까? 시급하게 추진해야 한다고 생각하시는 순서대로 2가지를 응답해 주십시오. 
(1순위)","1 (409명, 25.8%)","3 (394명, 24.8%)","2 (375명, 23.6%)","① 시민 대상 AI 교육 확대 및 체험 프로그램 운영
② 지역 내 취약계층을 위한 일자리 및 복지 지원 강화
③ 청년·중장년 대상 신기술(디지털·AI 등) 직업 교육 프로그램 확대
④ 지역 AI 관련 스타트업 및 중소기업 지원
⑤ 수원시 조례 및 행정절차 개선을 통한 신기술 도입 촉진
⑥ 일자리 중개 서비스 강화 및 취약계층을 위한 일자리 안전망 구축
⑦ AI 기술 오남용 예방 및 시민 대상 AI 윤리 교육 강화
⑧ 기타 (                       )"
q29_2,"29. 인공지능(AI) 시대를 선도하기 위해 수원시가 가장 시급하게 추진해야 하는 정책은 무엇이라고 생각하십니까? 시급하게 추진해야 한다고 생각하시는 순서대로 2가지를 응답해 주십시오. 
(2순위)","3 (336명, 21.2%)","6 (316명, 19.9%)","2 (215명, 13.5%)","① 시민 대상 AI 교육 확대 및 체험 프로그램 운영
② 지역 내 취약계층을 위한 일자리 및 복지 지원 강화
③ 청년·중장년 대상 신기술(디지털·AI 등) 직업 교육 프로그램 확대
④ 지역 AI 관련 스타트업 및 중소기업 지원
⑤ 수원시 조례 및 행정절차 개선을 통한 신기술 도입 촉진
⑥ 일자리 중개 서비스 강화 및 취약계층을 위한 일자리 안전망 구축
⑦ AI 기술 오남용 예방 및 시민 대상 AI 윤리 교육 강화
⑧ 기타 (                       )"
q29_op,29. (기타 오픈응답),"nan (1585명, 99.9%)","AI산업은 이미 규모없이 뛰어들기 어려울 정도로 발전했기에, 대기업 위주의 AI 연구 지원과 우수 인력 확충이 시급함 (1명, 0.1%)","방범 (1명, 0.1%)",
q30_1,"30. 수원시가 인공지능(AI) 기술을 가장 우선적으로 활용해야 한다고 생각하는 분야는 어디인가요? 우선순위에 따라 2가지를 선택해 주세요. 
(1순위)","2 (312명, 19.7%)","4 (295명, 18.6%)","3 (271명, 17.1%)","① 시민 건강관리 및 지역 의료 서비스 개선
② 지역경제 활성화를 위한 금융 서비스 연계
③ 지역 제조업의 스마트화 및 자동화 지원
④ 도시 교통 흐름 개선 및 대중교통 서비스 향상
⑤ 학교 및 평생학습에서의 AI 기반 교육 확대
⑥ 지역 소상공인 대상 물류·유통 효율화 지원
⑦ 공공시설 에너지 효율 관리 및 절약 시스템 구축
⑧ 지역 문화유산 안내 및 스마트 관광 서비스 개발
⑨ 취약계층 맞춤형 복지 서비스 제공
⑩ 기타 (                       )"
q30_2,"30. 수원시가 인공지능(AI) 기술을 가장 우선적으로 활용해야 한다고 생각하는 분야는 어디인가요? 우선순위에 따라 2가지를 선택해 주세요. 
(2순위)","7 (249명, 15.7%)","4 (216명, 13.6%)","3 (216명, 13.6%)","① 시민 건강관리 및 지역 의료 서비스 개선
② 지역경제 활성화를 위한 금융 서비스 연계
③ 지역 제조업의 스마트화 및 자동화 지원
④ 도시 교통 흐름 개선 및 대중교통 서비스 향상
⑤ 학교 및 평생학습에서의 AI 기반 교육 확대
⑥ 지역 소상공인 대상 물류·유통 효율화 지원
⑦ 공공시설 에너지 효율 관리 및 절약 시스템 구축
⑧ 지역 문화유산 안내 및 스마트 관광 서비스 개발
⑨ 취약계층 맞춤형 복지 서비스 제공
⑩ 기타 (                       )"
q30_op,30. (기타 오픈응답),"nan (1585명, 99.9%)","주차관리 (1명, 0.1%)","AI가 문제가 아니라, 보행안전 위협하는 전동킥보드 전기자전거 퇴출과 위험하게 우회전하는 차량 단속이 더 시급. 뭘 자꾸 얹으려하지말고 필요없고 불편한 것들을 없애는게 더 중요함. (1명, 0.1%)",
DM1,성별,"2 (824명, 51.9%)","1 (763명, 48.1%)",,"① 남성
② 여성"
DM2,나이 ,"40 (173명, 10.9%)","33 (100명, 6.3%)","32 (95명, 6.0%)",세
DM2_1,연령,"2 (701명, 44.2%)","3 (418명, 26.3%)","1 (229명, 14.4%)","① 20대 이하
② 30대
③ 40대
④ 50대
⑤ 60대 이상"
DM3,학력,"4 (1006명, 63.4%)","2 (272명, 17.1%)","3 (195명, 12.3%)","① 중졸이하
② 고졸
③ 전문대졸
④ 대학(4년제)
⑤ 대학원졸"
DM4,혼인상태,"2 (824명, 51.9%)","1 (696명, 43.9%)","3 (51명, 3.2%)","① 기혼
② 미혼
③ 이혼
④ 별거
⑤ 사별
⑥ 동거"
DM5,가구원 수,"1 (493명, 31.1%)","3 (421명, 26.5%)","2 (357명, 22.5%)",명
DM6,맞벌이 가구,"3 (575명, 36.2%)","2 (510명, 32.1%)","1 (502명, 31.6%)","① 맞벌이
② 비맞벌이
③ 비해당 "
DM7,미취학 자녀 유무,"2 (1427명, 89.9%)","1 (160명, 10.1%)",,"① 있음 
② 없음"
DM8,(지난 1년간) 월평균가구소득(세후),"4 (349명, 22.0%)","5 (309명, 19.5%)","7 (239명, 15.1%)","① 소득 없음
② 100만원 미만
③ 100만원 이상 ~200만원 미만
④ 200만원 이상 ~300만원 미만
⑤ 300만원 이상 ~400만원 미만
⑥ 400만원 이상 ~500만원 미만
⑦ 500만원 이상 ~600만원 미만
⑧ 600만원 이상 ~700만원 미만 
⑨ 700만원 이상"
DM9,고용상태,"2 (983명, 61.9%)","3 (291명, 18.3%)","7 (135명, 8.5%)","① 고용주 및 자영업자 (10으로 이동)
② 정규직 임금근로자 (10으로 이동)
③ 비정규직 임금근로자(프리랜서 포함) (10으로 이동)
④ 무급 가족종사자
⑤ 근로의사가 있으나 현재 직업 없음(취업준비 중, 미취업 포함) 
⑥ 은퇴자 
⑦ 근로의사 없음(주부, 학생 등) "
DM10,직업,"3.0 (766명, 48.3%)","nan (238명, 15.0%)","4.0 (228명, 14.4%)","① 관리자			
② 전문가 및 관련 종사자			
③ 사무종사자
④ 서비스종사자			
⑤ 판매종사자				
⑥ 농․림․어업종사자   
⑦ 기능원 및 관련 기능종사자   	
⑧ 장치, 기계조작 및 조립종사자 		
⑨ 단순노무종사자 
⑩군인(직업군인)		
⑪ 기타(        ) "
DM10_op,직업 (기타 오픈응답),"nan (1579명, 99.5%)","요식업 (2명, 0.1%)","대학원생 (2명, 0.1%)",
DM11,주택형태,"1 (1145명, 72.1%)","3 (236명, 14.9%)","2 (141명, 8.9%)","① 아파트 
② 단독주택(다가구 포함) 
③ 연립·다세대 주택
④ 주택 외 거주(오피스텔, 고시원, 상가, 공장 등) 
⑤ 기타(    )"
DM11_op,주택형태 (기타 오픈응답),"nan (1587명, 100.0%)",,,
DM12,주거점유형태,"1 (732명, 46.1%)","2 (636명, 40.1%)","3 (197명, 12.4%)","① 자기집 
② 전세(월세없음) 
③ 보증금 있는 월세 
④ 보증금 없는 월세 
⑤ 사글세 
⑥ 무상(관사, 사택 등)"
WT,가중치,"193.40880503144655 (159명, 10.0%)","218.825 (120명, 7.6%)","325.44444444444446 (90명, 5.7%)",
