도메인,출처파일,질문번호,질문,1순위 답변,2순위 답변,3순위 답변,답변항목 설명
여가,24-3_SRI시민패널조사.csv,q10,10. 올해 여름 휴가를 가지 못했거나 계획이 없는 이유는 무엇입니까?,"1.0 (325명, 40.8%)","3.0 (158명, 19.8%)","9.0 (86명, 10.8%)","① 비용 부담 때문에
② 휴가 사용 후 밀려있을 업무가 부담돼서
③ 여유 시간이 부족해서
④ 휴가를 사용하려니 눈치가 보여서
⑤ 건강상의 이유 때문에
⑥ 유급 연차 휴가가 없거나 부족해서
⑦ 돌봐야 할 가족이 있어서
⑧ 휴가를 같이 보낼 사람이 없어서
⑨ 성수기 지나고 가려고
⑩ 기타(             )"
여가,24-3_SRI시민패널조사.csv,q11_1,"11. 귀하는 수원에서 ‘도심 속 휴가’를 즐긴다면 무엇을 하고 싶습니까? 우선순위에 따라 2순위까지 응답해 주십시오
(1순위)","1.0 (434명, 24.4%)","2.0 (337명, 18.9%)","4.0 (303명, 17.0%)","① 수원 화성 및 화성행궁 방문
② 지역 축제 참여(수원화성문화제, 수원재즈페스티벌 등)
③ 공원(만석공원, 서호공원 등) 및 수목원 방문(일월수목원, 영흥수목원)
④ 호캉스, 에캉스 등 숙소에서 휴식
⑤ 아웃도어 활동(걷기, 등산 등)			
⑥ 미술관/박물관, 공연예술/ 공연 관람
⑦ 드라마․영화 촬영지 방문
⑧ 맛집탐방
⑨ 몰캉스(쇼핑몰+바캉스)
⑩ 스포츠 경기 관람
⑪ 캠핑, 차박
⑫ 기타(             ) "
여가,24-3_SRI시민패널조사.csv,q11_2,"11. 귀하는 수원에서 ‘도심 속 휴가’를 즐긴다면 무엇을 하고 싶습니까? 우선순위에 따라 2순위까지 응답해 주십시오.
(2순위)","3.0 (300명, 16.8%)","2.0 (261명, 14.7%)","8.0 (230명, 12.9%)","① 수원 화성 및 화성행궁 방문
② 지역 축제 참여(수원화성문화제, 수원재즈페스티벌 등)
③ 공원(만석공원, 서호공원 등) 및 수목원 방문(일월수목원, 영흥수목원)
④ 호캉스, 에캉스 등 숙소에서 휴식
⑤ 아웃도어 활동(걷기, 등산 등)			
⑥ 미술관/박물관, 공연예술/ 공연 관람
⑦ 드라마․영화 촬영지 방문
⑧ 맛집탐방
⑨ 몰캉스(쇼핑몰+바캉스)
⑩ 스포츠 경기 관람
⑪ 캠핑, 차박
⑫ 기타(             ) "
정책 인지도·만족도(체감도),24-3_SRI시민패널조사.csv,q2,2. 귀하는 수원시의 시책이나 시정 운영에 대해 평소 관심이 있으십니까?,"5.0 (613명, 34.4%)","4.0 (416명, 23.3%)","6.0 (404명, 22.7%)","① 전혀 관심이 없다
②
③
④ 보통이다
⑤
⑥
⑦ 매우 관심 있다"
정책 인지도·만족도(체감도),24-3_SRI시민패널조사.csv,q3_1_3,"3-1. 수원시 시정운영에 만족하시는 경우, 그 이유는 무엇입니까? 3가지를 중요한 순서대로 선택해 주십시오. 
(3순위)","4.0 (154명, 15.3%)","5.0 (150명, 14.9%)","7.0 (149명, 14.8%)","① 새롭고 과감한 시도, 참신한 정책·사업들이 많아서
② 시민과의 소통, 홍보를 잘 하는 것 같아서
③ 수원특례시 현안에 대한 이해가 깊은 것 같아서
④ 추진력 있고 강단 있게 일하는 것 같아서
⑤ 정부, 경기도, 타지자체와의 협력을 잘하는 것 같아서
⑥ 평소 태도나 행동 등에서 신뢰감이 느껴져서
⑦ 무언가 계획을 갖고 일하는 느낌이어서
⑧ 열심히 일하는 것 같아서
⑨ 잘 모르겠다"
경제,24-4_SRI시민패널조사.csv,q21,"21. 일반 물가는 1년전보다 더 오를 것 같습니까, 덜 오를 것 같습니까, 혹은 비슷하게 오를 것 같습니까?","2 (679.8명, 39.9%)","3 (456.9명, 26.8%)","1 (429.0명, 25.2%)","① 1년 전보다 많이 오를 것이다
② 1년 전보다 조금 오를 것이다
③ 비슷하게 오를 것이다
④ 1년 전보다 조금 덜 오를 것이다
⑤ 1년 전보다 많이 덜 오를 것이다"
경제,24-4_SRI시민패널조사.csv,q24_4,"24. 귀하께서는 다음의 경제 이슈가 올해 대비 내년에 얼마나 개선될 것이라 예상하십니까? 각 항목별로 예상되는 개선 정도를 말씀해 주시기 바랍니다. 
_4.자영업자 등 소상공인 문제","4 (779.7명, 45.8%)","3 (444.3명, 26.1%)","5 (289.5명, 17.0%)","① 매우 개선될 것이다
② 약간 개선될 것이다
③ 그대로일 것이다
④ 다소 악화될 것이다
⑤ 매우 악화될 것이다"
정책 인지도·만족도(체감도),24-4_SRI시민패널조사.csv,q17_7,"17. 귀하는 현재 ‘수원’이라는 도시를 어떻게 평가하십니까? 
_7. 문화예술이 풍부한 도시","4 (851.1명, 50.0%)","3 (449.7명, 26.4%)","5 (321.8명, 18.9%)","① 전혀 동의하지 않는다
② 동의하지 않는다
③ 보통이다
④ 동의한다
⑤ 매우 동의한다"
정책 인지도·만족도(체감도),24-4_SRI시민패널조사.csv,q18_1,"18. 귀하는 2030년 수원이 어떠한 모습의 도시가 되기를 기대하십니까? 
(1순위)","1 (488.2명, 28.7%)","3 (395.2명, 23.2%)","2 (219.1명, 12.9%)","① 경제도시 			
② 교육도시
③ 문화도시			
④ 복지(돌봄)도시
⑤ 건강도시			
⑥ 안전도시
⑦ 환경도시			
⑧ 스마트도시
⑨ 스포츠도시		
⑩ 첨단교통도시
⑪ 관광도시			
⑫ 기타 (            )"
정책 인지도·만족도(체감도),24-4_SRI시민패널조사.csv,q18_2,"18. 귀하는 2030년 수원이 어떠한 모습의 도시가 되기를 기대하십니까? 
(2순위)","7 (257.9명, 15.1%)","6 (223.6명, 13.1%)","3 (220.3명, 12.9%)","① 경제도시 			
② 교육도시
③ 문화도시			
④ 복지(돌봄)도시
⑤ 건강도시			
⑥ 안전도시
⑦ 환경도시			
⑧ 스마트도시
⑨ 스포츠도시		
⑩ 첨단교통도시
⑪ 관광도시			
⑫ 기타 (            )"
정책 인지도·만족도(체감도),2023년 수원서베이.csv,ADD1,정책 관심도,"보통 (1161명, 56.9%)","관심 많음 (551명, 27.0%)","관심 없음 (329명, 16.1%)","관심 없음
보통
관심 많음"
정책 인지도·만족도(체감도),2023년 수원서베이.csv,ADD3,수원시정 만족도,"만족 (1572명, 77.0%)","보통 (424명, 20.8%)","불만족 (45명, 2.2%)","불만족
보통
만족"
여가,2023년 수원서베이.csv,Q10a8,문10. 복지서비스 제공 - 8. 문화 및 여가 지원,"⑤ (732명, 41.4%)","④보통 (629명, 35.5%)","⑥ (409명, 23.1%)","①매우 부족하다
②
③
④보통
⑤
⑥
⑦매우 충분하다
부족
보통
충분
모름/무응답"
여가,2023년 수원서베이.csv,Q30,문30. 외부 여가활동 이용 빈도,"한 달에 2~3번 (872명, 49.1%)","일주일에 몇 번, 매일은 아님 (523명, 29.5%)","한달에 1번 (380명, 21.4%)","매일
일주일에 몇 번, 매일은 아님
한 달에 2~3번
한달에 1번
몇 달에 1번
기타"
여가,2023년 수원서베이.csv,Q31m1,문31. 2023년 방문한 여가공간(중복 응답),"10. 영화관 (490명, 52.8%)","24. 목욕시설(목욕탕, 찜질방, 사우나, 온천 등) (293명, 31.6%)","09. 공연장 (145명, 15.6%)","01. 문예회관
02. 지방문화원
03. 문화의집
04. 생활문화센터
05. 사설문화센터
06. 미술관
07. 박물관·전시관
08. 기념관
09. 공연장
10. 영화관
11. 도서관·대형서점
12. 행정복지센터
13. 여성회관
14. 사회복지관
15. 노인복지관
16. 평생학습관
17. 학교시설
18. 학원(어학，기술，자격증 취득 등)
19. 노래방
20. PC방(복합멀티게임방)
21. 만화방
22. 오락장(아케이드게임방, 보드게임방 등)
23. 클럽(댄스포함)
24. 목욕시설(목욕탕, 찜질방, 사우나, 온천 등)
25. 미용관리실(피부관리, 네일아트, 마사지, 헤어숍 등)
26. 수족관(아쿠아리움)
27. 쇼핑몰(백화점 등)
28. 카페(커피숍, 방탈출, VR카페, 이색테마카페 등)
29. 대형마트
30. 식당(패밀리레스토랑, 주점 등)
31. 국민체육센터(주민체육센터 등)
32. 청소년수련관
33. 복합체육관
34. 헬스클럽
35. 골프연습장(스크린골프장)
36. 수영장
37. 당구장, 탁구장, 볼링장
38. 빙상경기장(아이스링크)
39. 기타 실내 체육시설
40. 종교시설(교회, 절, 성당 등)
41. 위에서 분류되지 않은 기타 실내시설
42. 운동경기장（축구, 농구，야구 등）
43. 학교운동장
44. 골프장
45. 기타 실외 체육시설
46. 생활권공원(근린공원，소공원，어린이공원 등)
47. 주제공원(역사공원, 수변공원, 체육공원 등)
48. 산림욕장
49. 식물원
50. 캠핑장
51. 산(자연공원 포함)
52. 차 없는 거리(나혜석 거리, 수원역 로데오거리)
53. 수원화성(행궁, 행리단길, 화성성곽)
54. 근대거리(향교로, 구 경기도청 일원)
55. 구 농촌진흥청 서울대학교 농생대(서호일원, 상상캠퍼스)
56. 재래시장
57. 아파트 내(집주변) 공터
58. 위에서 분류되지 않은 기타 실외공간"
여가,2023년 수원서베이.csv,Q31m10,문31. 2023년 방문한 여가공간(중복 응답),"46. 생활권공원(근린공원，소공원，어린이공원 등) (109명, 42.7%)","53. 수원화성(행궁, 행리단길, 화성성곽) (73명, 28.6%)","57. 아파트 내(집주변) 공터 (73명, 28.6%)","01. 문예회관
02. 지방문화원
03. 문화의집
04. 생활문화센터
05. 사설문화센터
06. 미술관
07. 박물관·전시관
08. 기념관
09. 공연장
10. 영화관
11. 도서관·대형서점
12. 행정복지센터
13. 여성회관
14. 사회복지관
15. 노인복지관
16. 평생학습관
17. 학교시설
18. 학원(어학，기술，자격증 취득 등)
19. 노래방
20. PC방(복합멀티게임방)
21. 만화방
22. 오락장(아케이드게임방, 보드게임방 등)
23. 클럽(댄스포함)
24. 목욕시설(목욕탕, 찜질방, 사우나, 온천 등)
25. 미용관리실(피부관리, 네일아트, 마사지, 헤어숍 등)
26. 수족관(아쿠아리움)
27. 쇼핑몰(백화점 등)
28. 카페(커피숍, 방탈출, VR카페, 이색테마카페 등)
29. 대형마트
30. 식당(패밀리레스토랑, 주점 등)
31. 국민체육센터(주민체육센터 등)
32. 청소년수련관
33. 복합체육관
34. 헬스클럽
35. 골프연습장(스크린골프장)
36. 수영장
37. 당구장, 탁구장, 볼링장
38. 빙상경기장(아이스링크)
39. 기타 실내 체육시설
40. 종교시설(교회, 절, 성당 등)
41. 위에서 분류되지 않은 기타 실내시설
42. 운동경기장（축구, 농구，야구 등）
43. 학교운동장
44. 골프장
45. 기타 실외 체육시설
46. 생활권공원(근린공원，소공원，어린이공원 등)
47. 주제공원(역사공원, 수변공원, 체육공원 등)
48. 산림욕장
49. 식물원
50. 캠핑장
51. 산(자연공원 포함)
52. 차 없는 거리(나혜석 거리, 수원역 로데오거리)
53. 수원화성(행궁, 행리단길, 화성성곽)
54. 근대거리(향교로, 구 경기도청 일원)
55. 구 농촌진흥청 서울대학교 농생대(서호일원, 상상캠퍼스)
56. 재래시장
57. 아파트 내(집주변) 공터
58. 위에서 분류되지 않은 기타 실외공간"
여가,2023년 수원서베이.csv,Q31m11,문31. 2023년 방문한 여가공간(중복 응답),"53. 수원화성(행궁, 행리단길, 화성성곽) (70명, 34.5%)","47. 주제공원(역사공원, 수변공원, 체육공원 등) (67명, 33.0%)","46. 생활권공원(근린공원，소공원，어린이공원 등) (66명, 32.5%)","01. 문예회관
02. 지방문화원
03. 문화의집
04. 생활문화센터
05. 사설문화센터
06. 미술관
07. 박물관·전시관
08. 기념관
09. 공연장
10. 영화관
11. 도서관·대형서점
12. 행정복지센터
13. 여성회관
14. 사회복지관
15. 노인복지관
16. 평생학습관
17. 학교시설
18. 학원(어학，기술，자격증 취득 등)
19. 노래방
20. PC방(복합멀티게임방)
21. 만화방
22. 오락장(아케이드게임방, 보드게임방 등)
23. 클럽(댄스포함)
24. 목욕시설(목욕탕, 찜질방, 사우나, 온천 등)
25. 미용관리실(피부관리, 네일아트, 마사지, 헤어숍 등)
26. 수족관(아쿠아리움)
27. 쇼핑몰(백화점 등)
28. 카페(커피숍, 방탈출, VR카페, 이색테마카페 등)
29. 대형마트
30. 식당(패밀리레스토랑, 주점 등)
31. 국민체육센터(주민체육센터 등)
32. 청소년수련관
33. 복합체육관
34. 헬스클럽
35. 골프연습장(스크린골프장)
36. 수영장
37. 당구장, 탁구장, 볼링장
38. 빙상경기장(아이스링크)
39. 기타 실내 체육시설
40. 종교시설(교회, 절, 성당 등)
41. 위에서 분류되지 않은 기타 실내시설
42. 운동경기장（축구, 농구，야구 등）
43. 학교운동장
44. 골프장
45. 기타 실외 체육시설
46. 생활권공원(근린공원，소공원，어린이공원 등)
47. 주제공원(역사공원, 수변공원, 체육공원 등)
48. 산림욕장
49. 식물원
50. 캠핑장
51. 산(자연공원 포함)
52. 차 없는 거리(나혜석 거리, 수원역 로데오거리)
53. 수원화성(행궁, 행리단길, 화성성곽)
54. 근대거리(향교로, 구 경기도청 일원)
55. 구 농촌진흥청 서울대학교 농생대(서호일원, 상상캠퍼스)
56. 재래시장
57. 아파트 내(집주변) 공터
58. 위에서 분류되지 않은 기타 실외공간"
여가,2023년 수원서베이.csv,Q31m12,문31. 2023년 방문한 여가공간(중복 응답),"53. 수원화성(행궁, 행리단길, 화성성곽) (64명, 35.6%)","57. 아파트 내(집주변) 공터 (62명, 34.4%)","56. 재래시장 (54명, 30.0%)","01. 문예회관
02. 지방문화원
03. 문화의집
04. 생활문화센터
05. 사설문화센터
06. 미술관
07. 박물관·전시관
08. 기념관
09. 공연장
10. 영화관
11. 도서관·대형서점
12. 행정복지센터
13. 여성회관
14. 사회복지관
15. 노인복지관
16. 평생학습관
17. 학교시설
18. 학원(어학，기술，자격증 취득 등)
19. 노래방
20. PC방(복합멀티게임방)
21. 만화방
22. 오락장(아케이드게임방, 보드게임방 등)
23. 클럽(댄스포함)
24. 목욕시설(목욕탕, 찜질방, 사우나, 온천 등)
25. 미용관리실(피부관리, 네일아트, 마사지, 헤어숍 등)
26. 수족관(아쿠아리움)
27. 쇼핑몰(백화점 등)
28. 카페(커피숍, 방탈출, VR카페, 이색테마카페 등)
29. 대형마트
30. 식당(패밀리레스토랑, 주점 등)
31. 국민체육센터(주민체육센터 등)
32. 청소년수련관
33. 복합체육관
34. 헬스클럽
35. 골프연습장(스크린골프장)
36. 수영장
37. 당구장, 탁구장, 볼링장
38. 빙상경기장(아이스링크)
39. 기타 실내 체육시설
40. 종교시설(교회, 절, 성당 등)
41. 위에서 분류되지 않은 기타 실내시설
42. 운동경기장（축구, 농구，야구 등）
43. 학교운동장
44. 골프장
45. 기타 실외 체육시설
46. 생활권공원(근린공원，소공원，어린이공원 등)
47. 주제공원(역사공원, 수변공원, 체육공원 등)
48. 산림욕장
49. 식물원
50. 캠핑장
51. 산(자연공원 포함)
52. 차 없는 거리(나혜석 거리, 수원역 로데오거리)
53. 수원화성(행궁, 행리단길, 화성성곽)
54. 근대거리(향교로, 구 경기도청 일원)
55. 구 농촌진흥청 서울대학교 농생대(서호일원, 상상캠퍼스)
56. 재래시장
57. 아파트 내(집주변) 공터
58. 위에서 분류되지 않은 기타 실외공간"
여가,2023년 수원서베이.csv,Q31m13,문31. 2023년 방문한 여가공간(중복 응답),"57. 아파트 내(집주변) 공터 (65명, 41.7%)","53. 수원화성(행궁, 행리단길, 화성성곽) (52명, 33.3%)","56. 재래시장 (39명, 25.0%)","01. 문예회관
02. 지방문화원
03. 문화의집
04. 생활문화센터
05. 사설문화센터
06. 미술관
07. 박물관·전시관
08. 기념관
09. 공연장
10. 영화관
11. 도서관·대형서점
12. 행정복지센터
13. 여성회관
14. 사회복지관
15. 노인복지관
16. 평생학습관
17. 학교시설
18. 학원(어학，기술，자격증 취득 등)
19. 노래방
20. PC방(복합멀티게임방)
21. 만화방
22. 오락장(아케이드게임방, 보드게임방 등)
23. 클럽(댄스포함)
24. 목욕시설(목욕탕, 찜질방, 사우나, 온천 등)
25. 미용관리실(피부관리, 네일아트, 마사지, 헤어숍 등)
26. 수족관(아쿠아리움)
27. 쇼핑몰(백화점 등)
28. 카페(커피숍, 방탈출, VR카페, 이색테마카페 등)
29. 대형마트
30. 식당(패밀리레스토랑, 주점 등)
31. 국민체육센터(주민체육센터 등)
32. 청소년수련관
33. 복합체육관
34. 헬스클럽
35. 골프연습장(스크린골프장)
36. 수영장
37. 당구장, 탁구장, 볼링장
38. 빙상경기장(아이스링크)
39. 기타 실내 체육시설
40. 종교시설(교회, 절, 성당 등)
41. 위에서 분류되지 않은 기타 실내시설
42. 운동경기장（축구, 농구，야구 등）
43. 학교운동장
44. 골프장
45. 기타 실외 체육시설
46. 생활권공원(근린공원，소공원，어린이공원 등)
47. 주제공원(역사공원, 수변공원, 체육공원 등)
48. 산림욕장
49. 식물원
50. 캠핑장
51. 산(자연공원 포함)
52. 차 없는 거리(나혜석 거리, 수원역 로데오거리)
53. 수원화성(행궁, 행리단길, 화성성곽)
54. 근대거리(향교로, 구 경기도청 일원)
55. 구 농촌진흥청 서울대학교 농생대(서호일원, 상상캠퍼스)
56. 재래시장
57. 아파트 내(집주변) 공터
58. 위에서 분류되지 않은 기타 실외공간"
여가,2023년 수원서베이.csv,Q31m14,문31. 2023년 방문한 여가공간(중복 응답),"53. 수원화성(행궁, 행리단길, 화성성곽) (43명, 38.4%)","57. 아파트 내(집주변) 공터 (41명, 36.6%)","47. 주제공원(역사공원, 수변공원, 체육공원 등) (28명, 25.0%)","01. 문예회관
02. 지방문화원
03. 문화의집
04. 생활문화센터
05. 사설문화센터
06. 미술관
07. 박물관·전시관
08. 기념관
09. 공연장
10. 영화관
11. 도서관·대형서점
12. 행정복지센터
13. 여성회관
14. 사회복지관
15. 노인복지관
16. 평생학습관
17. 학교시설
18. 학원(어학，기술，자격증 취득 등)
19. 노래방
20. PC방(복합멀티게임방)
21. 만화방
22. 오락장(아케이드게임방, 보드게임방 등)
23. 클럽(댄스포함)
24. 목욕시설(목욕탕, 찜질방, 사우나, 온천 등)
25. 미용관리실(피부관리, 네일아트, 마사지, 헤어숍 등)
26. 수족관(아쿠아리움)
27. 쇼핑몰(백화점 등)
28. 카페(커피숍, 방탈출, VR카페, 이색테마카페 등)
29. 대형마트
30. 식당(패밀리레스토랑, 주점 등)
31. 국민체육센터(주민체육센터 등)
32. 청소년수련관
33. 복합체육관
34. 헬스클럽
35. 골프연습장(스크린골프장)
36. 수영장
37. 당구장, 탁구장, 볼링장
38. 빙상경기장(아이스링크)
39. 기타 실내 체육시설
40. 종교시설(교회, 절, 성당 등)
41. 위에서 분류되지 않은 기타 실내시설
42. 운동경기장（축구, 농구，야구 등）
43. 학교운동장
44. 골프장
45. 기타 실외 체육시설
46. 생활권공원(근린공원，소공원，어린이공원 등)
47. 주제공원(역사공원, 수변공원, 체육공원 등)
48. 산림욕장
49. 식물원
50. 캠핑장
51. 산(자연공원 포함)
52. 차 없는 거리(나혜석 거리, 수원역 로데오거리)
53. 수원화성(행궁, 행리단길, 화성성곽)
54. 근대거리(향교로, 구 경기도청 일원)
55. 구 농촌진흥청 서울대학교 농생대(서호일원, 상상캠퍼스)
56. 재래시장
57. 아파트 내(집주변) 공터
58. 위에서 분류되지 않은 기타 실외공간"
여가,2023년 수원서베이.csv,Q31m15,문31. 2023년 방문한 여가공간(중복 응답),"56. 재래시장 (36명, 38.7%)","57. 아파트 내(집주변) 공터 (32명, 34.4%)","53. 수원화성(행궁, 행리단길, 화성성곽) (25명, 26.9%)","01. 문예회관
02. 지방문화원
03. 문화의집
04. 생활문화센터
05. 사설문화센터
06. 미술관
07. 박물관·전시관
08. 기념관
09. 공연장
10. 영화관
11. 도서관·대형서점
12. 행정복지센터
13. 여성회관
14. 사회복지관
15. 노인복지관
16. 평생학습관
17. 학교시설
18. 학원(어학，기술，자격증 취득 등)
19. 노래방
20. PC방(복합멀티게임방)
21. 만화방
22. 오락장(아케이드게임방, 보드게임방 등)
23. 클럽(댄스포함)
24. 목욕시설(목욕탕, 찜질방, 사우나, 온천 등)
25. 미용관리실(피부관리, 네일아트, 마사지, 헤어숍 등)
26. 수족관(아쿠아리움)
27. 쇼핑몰(백화점 등)
28. 카페(커피숍, 방탈출, VR카페, 이색테마카페 등)
29. 대형마트
30. 식당(패밀리레스토랑, 주점 등)
31. 국민체육센터(주민체육센터 등)
32. 청소년수련관
33. 복합체육관
34. 헬스클럽
35. 골프연습장(스크린골프장)
36. 수영장
37. 당구장, 탁구장, 볼링장
38. 빙상경기장(아이스링크)
39. 기타 실내 체육시설
40. 종교시설(교회, 절, 성당 등)
41. 위에서 분류되지 않은 기타 실내시설
42. 운동경기장（축구, 농구，야구 등）
43. 학교운동장
44. 골프장
45. 기타 실외 체육시설
46. 생활권공원(근린공원，소공원，어린이공원 등)
47. 주제공원(역사공원, 수변공원, 체육공원 등)
48. 산림욕장
49. 식물원
50. 캠핑장
51. 산(자연공원 포함)
52. 차 없는 거리(나혜석 거리, 수원역 로데오거리)
53. 수원화성(행궁, 행리단길, 화성성곽)
54. 근대거리(향교로, 구 경기도청 일원)
55. 구 농촌진흥청 서울대학교 농생대(서호일원, 상상캠퍼스)
56. 재래시장
57. 아파트 내(집주변) 공터
58. 위에서 분류되지 않은 기타 실외공간"
여가,2023년 수원서베이.csv,Q31m16,문31. 2023년 방문한 여가공간(중복 응답),"57. 아파트 내(집주변) 공터 (34명, 41.5%)","53. 수원화성(행궁, 행리단길, 화성성곽) (30명, 36.6%)","56. 재래시장 (18명, 22.0%)","01. 문예회관
02. 지방문화원
03. 문화의집
04. 생활문화센터
05. 사설문화센터
06. 미술관
07. 박물관·전시관
08. 기념관
09. 공연장
10. 영화관
11. 도서관·대형서점
12. 행정복지센터
13. 여성회관
14. 사회복지관
15. 노인복지관
16. 평생학습관
17. 학교시설
18. 학원(어학，기술，자격증 취득 등)
19. 노래방
20. PC방(복합멀티게임방)
21. 만화방
22. 오락장(아케이드게임방, 보드게임방 등)
23. 클럽(댄스포함)
24. 목욕시설(목욕탕, 찜질방, 사우나, 온천 등)
25. 미용관리실(피부관리, 네일아트, 마사지, 헤어숍 등)
26. 수족관(아쿠아리움)
27. 쇼핑몰(백화점 등)
28. 카페(커피숍, 방탈출, VR카페, 이색테마카페 등)
29. 대형마트
30. 식당(패밀리레스토랑, 주점 등)
31. 국민체육센터(주민체육센터 등)
32. 청소년수련관
33. 복합체육관
34. 헬스클럽
35. 골프연습장(스크린골프장)
36. 수영장
37. 당구장, 탁구장, 볼링장
38. 빙상경기장(아이스링크)
39. 기타 실내 체육시설
40. 종교시설(교회, 절, 성당 등)
41. 위에서 분류되지 않은 기타 실내시설
42. 운동경기장（축구, 농구，야구 등）
43. 학교운동장
44. 골프장
45. 기타 실외 체육시설
46. 생활권공원(근린공원，소공원，어린이공원 등)
47. 주제공원(역사공원, 수변공원, 체육공원 등)
48. 산림욕장
49. 식물원
50. 캠핑장
51. 산(자연공원 포함)
52. 차 없는 거리(나혜석 거리, 수원역 로데오거리)
53. 수원화성(행궁, 행리단길, 화성성곽)
54. 근대거리(향교로, 구 경기도청 일원)
55. 구 농촌진흥청 서울대학교 농생대(서호일원, 상상캠퍼스)
56. 재래시장
57. 아파트 내(집주변) 공터
58. 위에서 분류되지 않은 기타 실외공간"
여가,2023년 수원서베이.csv,Q31m17,문31. 2023년 방문한 여가공간(중복 응답),"57. 아파트 내(집주변) 공터 (27명, 51.9%)","56. 재래시장 (13명, 25.0%)","52. 차 없는 거리(나혜석 거리, 수원역 로데오거리) (12명, 23.1%)","01. 문예회관
02. 지방문화원
03. 문화의집
04. 생활문화센터
05. 사설문화센터
06. 미술관
07. 박물관·전시관
08. 기념관
09. 공연장
10. 영화관
11. 도서관·대형서점
12. 행정복지센터
13. 여성회관
14. 사회복지관
15. 노인복지관
16. 평생학습관
17. 학교시설
18. 학원(어학，기술，자격증 취득 등)
19. 노래방
20. PC방(복합멀티게임방)
21. 만화방
22. 오락장(아케이드게임방, 보드게임방 등)
23. 클럽(댄스포함)
24. 목욕시설(목욕탕, 찜질방, 사우나, 온천 등)
25. 미용관리실(피부관리, 네일아트, 마사지, 헤어숍 등)
26. 수족관(아쿠아리움)
27. 쇼핑몰(백화점 등)
28. 카페(커피숍, 방탈출, VR카페, 이색테마카페 등)
29. 대형마트
30. 식당(패밀리레스토랑, 주점 등)
31. 국민체육센터(주민체육센터 등)
32. 청소년수련관
33. 복합체육관
34. 헬스클럽
35. 골프연습장(스크린골프장)
36. 수영장
37. 당구장, 탁구장, 볼링장
38. 빙상경기장(아이스링크)
39. 기타 실내 체육시설
40. 종교시설(교회, 절, 성당 등)
41. 위에서 분류되지 않은 기타 실내시설
42. 운동경기장（축구, 농구，야구 등）
43. 학교운동장
44. 골프장
45. 기타 실외 체육시설
46. 생활권공원(근린공원，소공원，어린이공원 등)
47. 주제공원(역사공원, 수변공원, 체육공원 등)
48. 산림욕장
49. 식물원
50. 캠핑장
51. 산(자연공원 포함)
52. 차 없는 거리(나혜석 거리, 수원역 로데오거리)
53. 수원화성(행궁, 행리단길, 화성성곽)
54. 근대거리(향교로, 구 경기도청 일원)
55. 구 농촌진흥청 서울대학교 농생대(서호일원, 상상캠퍼스)
56. 재래시장
57. 아파트 내(집주변) 공터
58. 위에서 분류되지 않은 기타 실외공간"
여가,2023년 수원서베이.csv,Q31m18,문31. 2023년 방문한 여가공간(중복 응답),"51. 산(자연공원 포함) (12명, 38.7%)","53. 수원화성(행궁, 행리단길, 화성성곽) (10명, 32.3%)","58. 위에서 분류되지 않은 기타 실외공간 (9명, 29.0%)","01. 문예회관
02. 지방문화원
03. 문화의집
04. 생활문화센터
05. 사설문화센터
06. 미술관
07. 박물관·전시관
08. 기념관
09. 공연장
10. 영화관
11. 도서관·대형서점
12. 행정복지센터
13. 여성회관
14. 사회복지관
15. 노인복지관
16. 평생학습관
17. 학교시설
18. 학원(어학，기술，자격증 취득 등)
19. 노래방
20. PC방(복합멀티게임방)
21. 만화방
22. 오락장(아케이드게임방, 보드게임방 등)
23. 클럽(댄스포함)
24. 목욕시설(목욕탕, 찜질방, 사우나, 온천 등)
25. 미용관리실(피부관리, 네일아트, 마사지, 헤어숍 등)
26. 수족관(아쿠아리움)
27. 쇼핑몰(백화점 등)
28. 카페(커피숍, 방탈출, VR카페, 이색테마카페 등)
29. 대형마트
30. 식당(패밀리레스토랑, 주점 등)
31. 국민체육센터(주민체육센터 등)
32. 청소년수련관
33. 복합체육관
34. 헬스클럽
35. 골프연습장(스크린골프장)
36. 수영장
37. 당구장, 탁구장, 볼링장
38. 빙상경기장(아이스링크)
39. 기타 실내 체육시설
40. 종교시설(교회, 절, 성당 등)
41. 위에서 분류되지 않은 기타 실내시설
42. 운동경기장（축구, 농구，야구 등）
43. 학교운동장
44. 골프장
45. 기타 실외 체육시설
46. 생활권공원(근린공원，소공원，어린이공원 등)
47. 주제공원(역사공원, 수변공원, 체육공원 등)
48. 산림욕장
49. 식물원
50. 캠핑장
51. 산(자연공원 포함)
52. 차 없는 거리(나혜석 거리, 수원역 로데오거리)
53. 수원화성(행궁, 행리단길, 화성성곽)
54. 근대거리(향교로, 구 경기도청 일원)
55. 구 농촌진흥청 서울대학교 농생대(서호일원, 상상캠퍼스)
56. 재래시장
57. 아파트 내(집주변) 공터
58. 위에서 분류되지 않은 기타 실외공간"
여가,2023년 수원서베이.csv,Q31m19,문31. 2023년 방문한 여가공간(중복 응답),"52. 차 없는 거리(나혜석 거리, 수원역 로데오거리) (11명, 45.8%)","56. 재래시장 (7명, 29.2%)","53. 수원화성(행궁, 행리단길, 화성성곽) (6명, 25.0%)","01. 문예회관
02. 지방문화원
03. 문화의집
04. 생활문화센터
05. 사설문화센터
06. 미술관
07. 박물관·전시관
08. 기념관
09. 공연장
10. 영화관
11. 도서관·대형서점
12. 행정복지센터
13. 여성회관
14. 사회복지관
15. 노인복지관
16. 평생학습관
17. 학교시설
18. 학원(어학，기술，자격증 취득 등)
19. 노래방
20. PC방(복합멀티게임방)
21. 만화방
22. 오락장(아케이드게임방, 보드게임방 등)
23. 클럽(댄스포함)
24. 목욕시설(목욕탕, 찜질방, 사우나, 온천 등)
25. 미용관리실(피부관리, 네일아트, 마사지, 헤어숍 등)
26. 수족관(아쿠아리움)
27. 쇼핑몰(백화점 등)
28. 카페(커피숍, 방탈출, VR카페, 이색테마카페 등)
29. 대형마트
30. 식당(패밀리레스토랑, 주점 등)
31. 국민체육센터(주민체육센터 등)
32. 청소년수련관
33. 복합체육관
34. 헬스클럽
35. 골프연습장(스크린골프장)
36. 수영장
37. 당구장, 탁구장, 볼링장
38. 빙상경기장(아이스링크)
39. 기타 실내 체육시설
40. 종교시설(교회, 절, 성당 등)
41. 위에서 분류되지 않은 기타 실내시설
42. 운동경기장（축구, 농구，야구 등）
43. 학교운동장
44. 골프장
45. 기타 실외 체육시설
46. 생활권공원(근린공원，소공원，어린이공원 등)
47. 주제공원(역사공원, 수변공원, 체육공원 등)
48. 산림욕장
49. 식물원
50. 캠핑장
51. 산(자연공원 포함)
52. 차 없는 거리(나혜석 거리, 수원역 로데오거리)
53. 수원화성(행궁, 행리단길, 화성성곽)
54. 근대거리(향교로, 구 경기도청 일원)
55. 구 농촌진흥청 서울대학교 농생대(서호일원, 상상캠퍼스)
56. 재래시장
57. 아파트 내(집주변) 공터
58. 위에서 분류되지 않은 기타 실외공간"
여가,2023년 수원서베이.csv,Q31m2,문31. 2023년 방문한 여가공간(중복 응답),"25. 미용관리실(피부관리, 네일아트, 마사지, 헤어숍 등) (309명, 44.9%)","24. 목욕시설(목욕탕, 찜질방, 사우나, 온천 등) (197명, 28.6%)","10. 영화관 (182명, 26.5%)","01. 문예회관
02. 지방문화원
03. 문화의집
04. 생활문화센터
05. 사설문화센터
06. 미술관
07. 박물관·전시관
08. 기념관
09. 공연장
10. 영화관
11. 도서관·대형서점
12. 행정복지센터
13. 여성회관
14. 사회복지관
15. 노인복지관
16. 평생학습관
17. 학교시설
18. 학원(어학，기술，자격증 취득 등)
19. 노래방
20. PC방(복합멀티게임방)
21. 만화방
22. 오락장(아케이드게임방, 보드게임방 등)
23. 클럽(댄스포함)
24. 목욕시설(목욕탕, 찜질방, 사우나, 온천 등)
25. 미용관리실(피부관리, 네일아트, 마사지, 헤어숍 등)
26. 수족관(아쿠아리움)
27. 쇼핑몰(백화점 등)
28. 카페(커피숍, 방탈출, VR카페, 이색테마카페 등)
29. 대형마트
30. 식당(패밀리레스토랑, 주점 등)
31. 국민체육센터(주민체육센터 등)
32. 청소년수련관
33. 복합체육관
34. 헬스클럽
35. 골프연습장(스크린골프장)
36. 수영장
37. 당구장, 탁구장, 볼링장
38. 빙상경기장(아이스링크)
39. 기타 실내 체육시설
40. 종교시설(교회, 절, 성당 등)
41. 위에서 분류되지 않은 기타 실내시설
42. 운동경기장（축구, 농구，야구 등）
43. 학교운동장
44. 골프장
45. 기타 실외 체육시설
46. 생활권공원(근린공원，소공원，어린이공원 등)
47. 주제공원(역사공원, 수변공원, 체육공원 등)
48. 산림욕장
49. 식물원
50. 캠핑장
51. 산(자연공원 포함)
52. 차 없는 거리(나혜석 거리, 수원역 로데오거리)
53. 수원화성(행궁, 행리단길, 화성성곽)
54. 근대거리(향교로, 구 경기도청 일원)
55. 구 농촌진흥청 서울대학교 농생대(서호일원, 상상캠퍼스)
56. 재래시장
57. 아파트 내(집주변) 공터
58. 위에서 분류되지 않은 기타 실외공간"
여가,2023년 수원서베이.csv,Q31m20,문31. 2023년 방문한 여가공간(중복 응답),"53. 수원화성(행궁, 행리단길, 화성성곽) (11명, 52.4%)","57. 아파트 내(집주변) 공터 (5명, 23.8%)","51. 산(자연공원 포함) (5명, 23.8%)","01. 문예회관
02. 지방문화원
03. 문화의집
04. 생활문화센터
05. 사설문화센터
06. 미술관
07. 박물관·전시관
08. 기념관
09. 공연장
10. 영화관
11. 도서관·대형서점
12. 행정복지센터
13. 여성회관
14. 사회복지관
15. 노인복지관
16. 평생학습관
17. 학교시설
18. 학원(어학，기술，자격증 취득 등)
19. 노래방
20. PC방(복합멀티게임방)
21. 만화방
22. 오락장(아케이드게임방, 보드게임방 등)
23. 클럽(댄스포함)
24. 목욕시설(목욕탕, 찜질방, 사우나, 온천 등)
25. 미용관리실(피부관리, 네일아트, 마사지, 헤어숍 등)
26. 수족관(아쿠아리움)
27. 쇼핑몰(백화점 등)
28. 카페(커피숍, 방탈출, VR카페, 이색테마카페 등)
29. 대형마트
30. 식당(패밀리레스토랑, 주점 등)
31. 국민체육센터(주민체육센터 등)
32. 청소년수련관
33. 복합체육관
34. 헬스클럽
35. 골프연습장(스크린골프장)
36. 수영장
37. 당구장, 탁구장, 볼링장
38. 빙상경기장(아이스링크)
39. 기타 실내 체육시설
40. 종교시설(교회, 절, 성당 등)
41. 위에서 분류되지 않은 기타 실내시설
42. 운동경기장（축구, 농구，야구 등）
43. 학교운동장
44. 골프장
45. 기타 실외 체육시설
46. 생활권공원(근린공원，소공원，어린이공원 등)
47. 주제공원(역사공원, 수변공원, 체육공원 등)
48. 산림욕장
49. 식물원
50. 캠핑장
51. 산(자연공원 포함)
52. 차 없는 거리(나혜석 거리, 수원역 로데오거리)
53. 수원화성(행궁, 행리단길, 화성성곽)
54. 근대거리(향교로, 구 경기도청 일원)
55. 구 농촌진흥청 서울대학교 농생대(서호일원, 상상캠퍼스)
56. 재래시장
57. 아파트 내(집주변) 공터
58. 위에서 분류되지 않은 기타 실외공간"
여가,2023년 수원서베이.csv,Q31m21,문31. 2023년 방문한 여가공간(중복 응답),"52. 차 없는 거리(나혜석 거리, 수원역 로데오거리) (5명, 38.5%)","53. 수원화성(행궁, 행리단길, 화성성곽) (4명, 30.8%)","56. 재래시장 (4명, 30.8%)","01. 문예회관
02. 지방문화원
03. 문화의집
04. 생활문화센터
05. 사설문화센터
06. 미술관
07. 박물관·전시관
08. 기념관
09. 공연장
10. 영화관
11. 도서관·대형서점
12. 행정복지센터
13. 여성회관
14. 사회복지관
15. 노인복지관
16. 평생학습관
17. 학교시설
18. 학원(어학，기술，자격증 취득 등)
19. 노래방
20. PC방(복합멀티게임방)
21. 만화방
22. 오락장(아케이드게임방, 보드게임방 등)
23. 클럽(댄스포함)
24. 목욕시설(목욕탕, 찜질방, 사우나, 온천 등)
25. 미용관리실(피부관리, 네일아트, 마사지, 헤어숍 등)
26. 수족관(아쿠아리움)
27. 쇼핑몰(백화점 등)
28. 카페(커피숍, 방탈출, VR카페, 이색테마카페 등)
29. 대형마트
30. 식당(패밀리레스토랑, 주점 등)
31. 국민체육센터(주민체육센터 등)
32. 청소년수련관
33. 복합체육관
34. 헬스클럽
35. 골프연습장(스크린골프장)
36. 수영장
37. 당구장, 탁구장, 볼링장
38. 빙상경기장(아이스링크)
39. 기타 실내 체육시설
40. 종교시설(교회, 절, 성당 등)
41. 위에서 분류되지 않은 기타 실내시설
42. 운동경기장（축구, 농구，야구 등）
43. 학교운동장
44. 골프장
45. 기타 실외 체육시설
46. 생활권공원(근린공원，소공원，어린이공원 등)
47. 주제공원(역사공원, 수변공원, 체육공원 등)
48. 산림욕장
49. 식물원
50. 캠핑장
51. 산(자연공원 포함)
52. 차 없는 거리(나혜석 거리, 수원역 로데오거리)
53. 수원화성(행궁, 행리단길, 화성성곽)
54. 근대거리(향교로, 구 경기도청 일원)
55. 구 농촌진흥청 서울대학교 농생대(서호일원, 상상캠퍼스)
56. 재래시장
57. 아파트 내(집주변) 공터
58. 위에서 분류되지 않은 기타 실외공간"
여가,2023년 수원서베이.csv,Q31m22,문31. 2023년 방문한 여가공간(중복 응답),"53. 수원화성(행궁, 행리단길, 화성성곽) (5명, 45.5%)","56. 재래시장 (4명, 36.4%)","54. 근대거리(향교로, 구 경기도청 일원) (2명, 18.2%)","01. 문예회관
02. 지방문화원
03. 문화의집
04. 생활문화센터
05. 사설문화센터
06. 미술관
07. 박물관·전시관
08. 기념관
09. 공연장
10. 영화관
11. 도서관·대형서점
12. 행정복지센터
13. 여성회관
14. 사회복지관
15. 노인복지관
16. 평생학습관
17. 학교시설
18. 학원(어학，기술，자격증 취득 등)
19. 노래방
20. PC방(복합멀티게임방)
21. 만화방
22. 오락장(아케이드게임방, 보드게임방 등)
23. 클럽(댄스포함)
24. 목욕시설(목욕탕, 찜질방, 사우나, 온천 등)
25. 미용관리실(피부관리, 네일아트, 마사지, 헤어숍 등)
26. 수족관(아쿠아리움)
27. 쇼핑몰(백화점 등)
28. 카페(커피숍, 방탈출, VR카페, 이색테마카페 등)
29. 대형마트
30. 식당(패밀리레스토랑, 주점 등)
31. 국민체육센터(주민체육센터 등)
32. 청소년수련관
33. 복합체육관
34. 헬스클럽
35. 골프연습장(스크린골프장)
36. 수영장
37. 당구장, 탁구장, 볼링장
38. 빙상경기장(아이스링크)
39. 기타 실내 체육시설
40. 종교시설(교회, 절, 성당 등)
41. 위에서 분류되지 않은 기타 실내시설
42. 운동경기장（축구, 농구，야구 등）
43. 학교운동장
44. 골프장
45. 기타 실외 체육시설
46. 생활권공원(근린공원，소공원，어린이공원 등)
47. 주제공원(역사공원, 수변공원, 체육공원 등)
48. 산림욕장
49. 식물원
50. 캠핑장
51. 산(자연공원 포함)
52. 차 없는 거리(나혜석 거리, 수원역 로데오거리)
53. 수원화성(행궁, 행리단길, 화성성곽)
54. 근대거리(향교로, 구 경기도청 일원)
55. 구 농촌진흥청 서울대학교 농생대(서호일원, 상상캠퍼스)
56. 재래시장
57. 아파트 내(집주변) 공터
58. 위에서 분류되지 않은 기타 실외공간"
여가,2023년 수원서베이.csv,Q31m23,문31. 2023년 방문한 여가공간(중복 응답),"57. 아파트 내(집주변) 공터 (5명, 62.5%)","54. 근대거리(향교로, 구 경기도청 일원) (2명, 25.0%)","56. 재래시장 (1명, 12.5%)","01. 문예회관
02. 지방문화원
03. 문화의집
04. 생활문화센터
05. 사설문화센터
06. 미술관
07. 박물관·전시관
08. 기념관
09. 공연장
10. 영화관
11. 도서관·대형서점
12. 행정복지센터
13. 여성회관
14. 사회복지관
15. 노인복지관
16. 평생학습관
17. 학교시설
18. 학원(어학，기술，자격증 취득 등)
19. 노래방
20. PC방(복합멀티게임방)
21. 만화방
22. 오락장(아케이드게임방, 보드게임방 등)
23. 클럽(댄스포함)
24. 목욕시설(목욕탕, 찜질방, 사우나, 온천 등)
25. 미용관리실(피부관리, 네일아트, 마사지, 헤어숍 등)
26. 수족관(아쿠아리움)
27. 쇼핑몰(백화점 등)
28. 카페(커피숍, 방탈출, VR카페, 이색테마카페 등)
29. 대형마트
30. 식당(패밀리레스토랑, 주점 등)
31. 국민체육센터(주민체육센터 등)
32. 청소년수련관
33. 복합체육관
34. 헬스클럽
35. 골프연습장(스크린골프장)
36. 수영장
37. 당구장, 탁구장, 볼링장
38. 빙상경기장(아이스링크)
39. 기타 실내 체육시설
40. 종교시설(교회, 절, 성당 등)
41. 위에서 분류되지 않은 기타 실내시설
42. 운동경기장（축구, 농구，야구 등）
43. 학교운동장
44. 골프장
45. 기타 실외 체육시설
46. 생활권공원(근린공원，소공원，어린이공원 등)
47. 주제공원(역사공원, 수변공원, 체육공원 등)
48. 산림욕장
49. 식물원
50. 캠핑장
51. 산(자연공원 포함)
52. 차 없는 거리(나혜석 거리, 수원역 로데오거리)
53. 수원화성(행궁, 행리단길, 화성성곽)
54. 근대거리(향교로, 구 경기도청 일원)
55. 구 농촌진흥청 서울대학교 농생대(서호일원, 상상캠퍼스)
56. 재래시장
57. 아파트 내(집주변) 공터
58. 위에서 분류되지 않은 기타 실외공간"
여가,2023년 수원서베이.csv,Q31m24,문31. 2023년 방문한 여가공간(중복 응답),"58. 위에서 분류되지 않은 기타 실외공간 (3명, 50.0%)","57. 아파트 내(집주변) 공터 (2명, 33.3%)","56. 재래시장 (1명, 16.7%)","01. 문예회관
02. 지방문화원
03. 문화의집
04. 생활문화센터
05. 사설문화센터
06. 미술관
07. 박물관·전시관
08. 기념관
09. 공연장
10. 영화관
11. 도서관·대형서점
12. 행정복지센터
13. 여성회관
14. 사회복지관
15. 노인복지관
16. 평생학습관
17. 학교시설
18. 학원(어학，기술，자격증 취득 등)
19. 노래방
20. PC방(복합멀티게임방)
21. 만화방
22. 오락장(아케이드게임방, 보드게임방 등)
23. 클럽(댄스포함)
24. 목욕시설(목욕탕, 찜질방, 사우나, 온천 등)
25. 미용관리실(피부관리, 네일아트, 마사지, 헤어숍 등)
26. 수족관(아쿠아리움)
27. 쇼핑몰(백화점 등)
28. 카페(커피숍, 방탈출, VR카페, 이색테마카페 등)
29. 대형마트
30. 식당(패밀리레스토랑, 주점 등)
31. 국민체육센터(주민체육센터 등)
32. 청소년수련관
33. 복합체육관
34. 헬스클럽
35. 골프연습장(스크린골프장)
36. 수영장
37. 당구장, 탁구장, 볼링장
38. 빙상경기장(아이스링크)
39. 기타 실내 체육시설
40. 종교시설(교회, 절, 성당 등)
41. 위에서 분류되지 않은 기타 실내시설
42. 운동경기장（축구, 농구，야구 등）
43. 학교운동장
44. 골프장
45. 기타 실외 체육시설
46. 생활권공원(근린공원，소공원，어린이공원 등)
47. 주제공원(역사공원, 수변공원, 체육공원 등)
48. 산림욕장
49. 식물원
50. 캠핑장
51. 산(자연공원 포함)
52. 차 없는 거리(나혜석 거리, 수원역 로데오거리)
53. 수원화성(행궁, 행리단길, 화성성곽)
54. 근대거리(향교로, 구 경기도청 일원)
55. 구 농촌진흥청 서울대학교 농생대(서호일원, 상상캠퍼스)
56. 재래시장
57. 아파트 내(집주변) 공터
58. 위에서 분류되지 않은 기타 실외공간"
여가,2023년 수원서베이.csv,Q31m25,문31. 2023년 방문한 여가공간(중복 응답),"57. 아파트 내(집주변) 공터 (1명, 100.0%)",,,"01. 문예회관
02. 지방문화원
03. 문화의집
04. 생활문화센터
05. 사설문화센터
06. 미술관
07. 박물관·전시관
08. 기념관
09. 공연장
10. 영화관
11. 도서관·대형서점
12. 행정복지센터
13. 여성회관
14. 사회복지관
15. 노인복지관
16. 평생학습관
17. 학교시설
18. 학원(어학，기술，자격증 취득 등)
19. 노래방
20. PC방(복합멀티게임방)
21. 만화방
22. 오락장(아케이드게임방, 보드게임방 등)
23. 클럽(댄스포함)
24. 목욕시설(목욕탕, 찜질방, 사우나, 온천 등)
25. 미용관리실(피부관리, 네일아트, 마사지, 헤어숍 등)
26. 수족관(아쿠아리움)
27. 쇼핑몰(백화점 등)
28. 카페(커피숍, 방탈출, VR카페, 이색테마카페 등)
29. 대형마트
30. 식당(패밀리레스토랑, 주점 등)
31. 국민체육센터(주민체육센터 등)
32. 청소년수련관
33. 복합체육관
34. 헬스클럽
35. 골프연습장(스크린골프장)
36. 수영장
37. 당구장, 탁구장, 볼링장
38. 빙상경기장(아이스링크)
39. 기타 실내 체육시설
40. 종교시설(교회, 절, 성당 등)
41. 위에서 분류되지 않은 기타 실내시설
42. 운동경기장（축구, 농구，야구 등）
43. 학교운동장
44. 골프장
45. 기타 실외 체육시설
46. 생활권공원(근린공원，소공원，어린이공원 등)
47. 주제공원(역사공원, 수변공원, 체육공원 등)
48. 산림욕장
49. 식물원
50. 캠핑장
51. 산(자연공원 포함)
52. 차 없는 거리(나혜석 거리, 수원역 로데오거리)
53. 수원화성(행궁, 행리단길, 화성성곽)
54. 근대거리(향교로, 구 경기도청 일원)
55. 구 농촌진흥청 서울대학교 농생대(서호일원, 상상캠퍼스)
56. 재래시장
57. 아파트 내(집주변) 공터
58. 위에서 분류되지 않은 기타 실외공간"
여가,2023년 수원서베이.csv,Q31m3,문31. 2023년 방문한 여가공간(중복 응답),"28. 카페(커피숍, 방탈출, VR카페, 이색테마카페 등) (227명, 36.3%)","25. 미용관리실(피부관리, 네일아트, 마사지, 헤어숍 등) (205명, 32.8%)","27. 쇼핑몰(백화점 등) (193명, 30.9%)","01. 문예회관
02. 지방문화원
03. 문화의집
04. 생활문화센터
05. 사설문화센터
06. 미술관
07. 박물관·전시관
08. 기념관
09. 공연장
10. 영화관
11. 도서관·대형서점
12. 행정복지센터
13. 여성회관
14. 사회복지관
15. 노인복지관
16. 평생학습관
17. 학교시설
18. 학원(어학，기술，자격증 취득 등)
19. 노래방
20. PC방(복합멀티게임방)
21. 만화방
22. 오락장(아케이드게임방, 보드게임방 등)
23. 클럽(댄스포함)
24. 목욕시설(목욕탕, 찜질방, 사우나, 온천 등)
25. 미용관리실(피부관리, 네일아트, 마사지, 헤어숍 등)
26. 수족관(아쿠아리움)
27. 쇼핑몰(백화점 등)
28. 카페(커피숍, 방탈출, VR카페, 이색테마카페 등)
29. 대형마트
30. 식당(패밀리레스토랑, 주점 등)
31. 국민체육센터(주민체육센터 등)
32. 청소년수련관
33. 복합체육관
34. 헬스클럽
35. 골프연습장(스크린골프장)
36. 수영장
37. 당구장, 탁구장, 볼링장
38. 빙상경기장(아이스링크)
39. 기타 실내 체육시설
40. 종교시설(교회, 절, 성당 등)
41. 위에서 분류되지 않은 기타 실내시설
42. 운동경기장（축구, 농구，야구 등）
43. 학교운동장
44. 골프장
45. 기타 실외 체육시설
46. 생활권공원(근린공원，소공원，어린이공원 등)
47. 주제공원(역사공원, 수변공원, 체육공원 등)
48. 산림욕장
49. 식물원
50. 캠핑장
51. 산(자연공원 포함)
52. 차 없는 거리(나혜석 거리, 수원역 로데오거리)
53. 수원화성(행궁, 행리단길, 화성성곽)
54. 근대거리(향교로, 구 경기도청 일원)
55. 구 농촌진흥청 서울대학교 농생대(서호일원, 상상캠퍼스)
56. 재래시장
57. 아파트 내(집주변) 공터
58. 위에서 분류되지 않은 기타 실외공간"
여가,2023년 수원서베이.csv,Q31m4,문31. 2023년 방문한 여가공간(중복 응답),"28. 카페(커피숍, 방탈출, VR카페, 이색테마카페 등) (235명, 38.8%)","29. 대형마트 (191명, 31.5%)","30. 식당(패밀리레스토랑, 주점 등) (180명, 29.7%)","01. 문예회관
02. 지방문화원
03. 문화의집
04. 생활문화센터
05. 사설문화센터
06. 미술관
07. 박물관·전시관
08. 기념관
09. 공연장
10. 영화관
11. 도서관·대형서점
12. 행정복지센터
13. 여성회관
14. 사회복지관
15. 노인복지관
16. 평생학습관
17. 학교시설
18. 학원(어학，기술，자격증 취득 등)
19. 노래방
20. PC방(복합멀티게임방)
21. 만화방
22. 오락장(아케이드게임방, 보드게임방 등)
23. 클럽(댄스포함)
24. 목욕시설(목욕탕, 찜질방, 사우나, 온천 등)
25. 미용관리실(피부관리, 네일아트, 마사지, 헤어숍 등)
26. 수족관(아쿠아리움)
27. 쇼핑몰(백화점 등)
28. 카페(커피숍, 방탈출, VR카페, 이색테마카페 등)
29. 대형마트
30. 식당(패밀리레스토랑, 주점 등)
31. 국민체육센터(주민체육센터 등)
32. 청소년수련관
33. 복합체육관
34. 헬스클럽
35. 골프연습장(스크린골프장)
36. 수영장
37. 당구장, 탁구장, 볼링장
38. 빙상경기장(아이스링크)
39. 기타 실내 체육시설
40. 종교시설(교회, 절, 성당 등)
41. 위에서 분류되지 않은 기타 실내시설
42. 운동경기장（축구, 농구，야구 등）
43. 학교운동장
44. 골프장
45. 기타 실외 체육시설
46. 생활권공원(근린공원，소공원，어린이공원 등)
47. 주제공원(역사공원, 수변공원, 체육공원 등)
48. 산림욕장
49. 식물원
50. 캠핑장
51. 산(자연공원 포함)
52. 차 없는 거리(나혜석 거리, 수원역 로데오거리)
53. 수원화성(행궁, 행리단길, 화성성곽)
54. 근대거리(향교로, 구 경기도청 일원)
55. 구 농촌진흥청 서울대학교 농생대(서호일원, 상상캠퍼스)
56. 재래시장
57. 아파트 내(집주변) 공터
58. 위에서 분류되지 않은 기타 실외공간"
여가,2023년 수원서베이.csv,Q31m5,문31. 2023년 방문한 여가공간(중복 응답),"29. 대형마트 (225명, 36.9%)","30. 식당(패밀리레스토랑, 주점 등) (197명, 32.3%)","28. 카페(커피숍, 방탈출, VR카페, 이색테마카페 등) (187명, 30.7%)","01. 문예회관
02. 지방문화원
03. 문화의집
04. 생활문화센터
05. 사설문화센터
06. 미술관
07. 박물관·전시관
08. 기념관
09. 공연장
10. 영화관
11. 도서관·대형서점
12. 행정복지센터
13. 여성회관
14. 사회복지관
15. 노인복지관
16. 평생학습관
17. 학교시설
18. 학원(어학，기술，자격증 취득 등)
19. 노래방
20. PC방(복합멀티게임방)
21. 만화방
22. 오락장(아케이드게임방, 보드게임방 등)
23. 클럽(댄스포함)
24. 목욕시설(목욕탕, 찜질방, 사우나, 온천 등)
25. 미용관리실(피부관리, 네일아트, 마사지, 헤어숍 등)
26. 수족관(아쿠아리움)
27. 쇼핑몰(백화점 등)
28. 카페(커피숍, 방탈출, VR카페, 이색테마카페 등)
29. 대형마트
30. 식당(패밀리레스토랑, 주점 등)
31. 국민체육센터(주민체육센터 등)
32. 청소년수련관
33. 복합체육관
34. 헬스클럽
35. 골프연습장(스크린골프장)
36. 수영장
37. 당구장, 탁구장, 볼링장
38. 빙상경기장(아이스링크)
39. 기타 실내 체육시설
40. 종교시설(교회, 절, 성당 등)
41. 위에서 분류되지 않은 기타 실내시설
42. 운동경기장（축구, 농구，야구 등）
43. 학교운동장
44. 골프장
45. 기타 실외 체육시설
46. 생활권공원(근린공원，소공원，어린이공원 등)
47. 주제공원(역사공원, 수변공원, 체육공원 등)
48. 산림욕장
49. 식물원
50. 캠핑장
51. 산(자연공원 포함)
52. 차 없는 거리(나혜석 거리, 수원역 로데오거리)
53. 수원화성(행궁, 행리단길, 화성성곽)
54. 근대거리(향교로, 구 경기도청 일원)
55. 구 농촌진흥청 서울대학교 농생대(서호일원, 상상캠퍼스)
56. 재래시장
57. 아파트 내(집주변) 공터
58. 위에서 분류되지 않은 기타 실외공간"
여가,2023년 수원서베이.csv,Q31m6,문31. 2023년 방문한 여가공간(중복 응답),"30. 식당(패밀리레스토랑, 주점 등) (220명, 41.4%)","29. 대형마트 (178명, 33.5%)","28. 카페(커피숍, 방탈출, VR카페, 이색테마카페 등) (133명, 25.0%)","01. 문예회관
02. 지방문화원
03. 문화의집
04. 생활문화센터
05. 사설문화센터
06. 미술관
07. 박물관·전시관
08. 기념관
09. 공연장
10. 영화관
11. 도서관·대형서점
12. 행정복지센터
13. 여성회관
14. 사회복지관
15. 노인복지관
16. 평생학습관
17. 학교시설
18. 학원(어학，기술，자격증 취득 등)
19. 노래방
20. PC방(복합멀티게임방)
21. 만화방
22. 오락장(아케이드게임방, 보드게임방 등)
23. 클럽(댄스포함)
24. 목욕시설(목욕탕, 찜질방, 사우나, 온천 등)
25. 미용관리실(피부관리, 네일아트, 마사지, 헤어숍 등)
26. 수족관(아쿠아리움)
27. 쇼핑몰(백화점 등)
28. 카페(커피숍, 방탈출, VR카페, 이색테마카페 등)
29. 대형마트
30. 식당(패밀리레스토랑, 주점 등)
31. 국민체육센터(주민체육센터 등)
32. 청소년수련관
33. 복합체육관
34. 헬스클럽
35. 골프연습장(스크린골프장)
36. 수영장
37. 당구장, 탁구장, 볼링장
38. 빙상경기장(아이스링크)
39. 기타 실내 체육시설
40. 종교시설(교회, 절, 성당 등)
41. 위에서 분류되지 않은 기타 실내시설
42. 운동경기장（축구, 농구，야구 등）
43. 학교운동장
44. 골프장
45. 기타 실외 체육시설
46. 생활권공원(근린공원，소공원，어린이공원 등)
47. 주제공원(역사공원, 수변공원, 체육공원 등)
48. 산림욕장
49. 식물원
50. 캠핑장
51. 산(자연공원 포함)
52. 차 없는 거리(나혜석 거리, 수원역 로데오거리)
53. 수원화성(행궁, 행리단길, 화성성곽)
54. 근대거리(향교로, 구 경기도청 일원)
55. 구 농촌진흥청 서울대학교 농생대(서호일원, 상상캠퍼스)
56. 재래시장
57. 아파트 내(집주변) 공터
58. 위에서 분류되지 않은 기타 실외공간"
여가,2023년 수원서베이.csv,Q31m7,문31. 2023년 방문한 여가공간(중복 응답),"30. 식당(패밀리레스토랑, 주점 등) (174명, 40.0%)","46. 생활권공원(근린공원，소공원，어린이공원 등) (138명, 31.7%)","29. 대형마트 (123명, 28.3%)","01. 문예회관
02. 지방문화원
03. 문화의집
04. 생활문화센터
05. 사설문화센터
06. 미술관
07. 박물관·전시관
08. 기념관
09. 공연장
10. 영화관
11. 도서관·대형서점
12. 행정복지센터
13. 여성회관
14. 사회복지관
15. 노인복지관
16. 평생학습관
17. 학교시설
18. 학원(어학，기술，자격증 취득 등)
19. 노래방
20. PC방(복합멀티게임방)
21. 만화방
22. 오락장(아케이드게임방, 보드게임방 등)
23. 클럽(댄스포함)
24. 목욕시설(목욕탕, 찜질방, 사우나, 온천 등)
25. 미용관리실(피부관리, 네일아트, 마사지, 헤어숍 등)
26. 수족관(아쿠아리움)
27. 쇼핑몰(백화점 등)
28. 카페(커피숍, 방탈출, VR카페, 이색테마카페 등)
29. 대형마트
30. 식당(패밀리레스토랑, 주점 등)
31. 국민체육센터(주민체육센터 등)
32. 청소년수련관
33. 복합체육관
34. 헬스클럽
35. 골프연습장(스크린골프장)
36. 수영장
37. 당구장, 탁구장, 볼링장
38. 빙상경기장(아이스링크)
39. 기타 실내 체육시설
40. 종교시설(교회, 절, 성당 등)
41. 위에서 분류되지 않은 기타 실내시설
42. 운동경기장（축구, 농구，야구 등）
43. 학교운동장
44. 골프장
45. 기타 실외 체육시설
46. 생활권공원(근린공원，소공원，어린이공원 등)
47. 주제공원(역사공원, 수변공원, 체육공원 등)
48. 산림욕장
49. 식물원
50. 캠핑장
51. 산(자연공원 포함)
52. 차 없는 거리(나혜석 거리, 수원역 로데오거리)
53. 수원화성(행궁, 행리단길, 화성성곽)
54. 근대거리(향교로, 구 경기도청 일원)
55. 구 농촌진흥청 서울대학교 농생대(서호일원, 상상캠퍼스)
56. 재래시장
57. 아파트 내(집주변) 공터
58. 위에서 분류되지 않은 기타 실외공간"
여가,2023년 수원서베이.csv,Q31m8,문31. 2023년 방문한 여가공간(중복 응답),"30. 식당(패밀리레스토랑, 주점 등) (127명, 38.7%)","46. 생활권공원(근린공원，소공원，어린이공원 등) (109명, 33.2%)","29. 대형마트 (92명, 28.0%)","01. 문예회관
02. 지방문화원
03. 문화의집
04. 생활문화센터
05. 사설문화센터
06. 미술관
07. 박물관·전시관
08. 기념관
09. 공연장
10. 영화관
11. 도서관·대형서점
12. 행정복지센터
13. 여성회관
14. 사회복지관
15. 노인복지관
16. 평생학습관
17. 학교시설
18. 학원(어학，기술，자격증 취득 등)
19. 노래방
20. PC방(복합멀티게임방)
21. 만화방
22. 오락장(아케이드게임방, 보드게임방 등)
23. 클럽(댄스포함)
24. 목욕시설(목욕탕, 찜질방, 사우나, 온천 등)
25. 미용관리실(피부관리, 네일아트, 마사지, 헤어숍 등)
26. 수족관(아쿠아리움)
27. 쇼핑몰(백화점 등)
28. 카페(커피숍, 방탈출, VR카페, 이색테마카페 등)
29. 대형마트
30. 식당(패밀리레스토랑, 주점 등)
31. 국민체육센터(주민체육센터 등)
32. 청소년수련관
33. 복합체육관
34. 헬스클럽
35. 골프연습장(스크린골프장)
36. 수영장
37. 당구장, 탁구장, 볼링장
38. 빙상경기장(아이스링크)
39. 기타 실내 체육시설
40. 종교시설(교회, 절, 성당 등)
41. 위에서 분류되지 않은 기타 실내시설
42. 운동경기장（축구, 농구，야구 등）
43. 학교운동장
44. 골프장
45. 기타 실외 체육시설
46. 생활권공원(근린공원，소공원，어린이공원 등)
47. 주제공원(역사공원, 수변공원, 체육공원 등)
48. 산림욕장
49. 식물원
50. 캠핑장
51. 산(자연공원 포함)
52. 차 없는 거리(나혜석 거리, 수원역 로데오거리)
53. 수원화성(행궁, 행리단길, 화성성곽)
54. 근대거리(향교로, 구 경기도청 일원)
55. 구 농촌진흥청 서울대학교 농생대(서호일원, 상상캠퍼스)
56. 재래시장
57. 아파트 내(집주변) 공터
58. 위에서 분류되지 않은 기타 실외공간"
여가,2023년 수원서베이.csv,Q31m9,문31. 2023년 방문한 여가공간(중복 응답),"46. 생활권공원(근린공원，소공원，어린이공원 등) (99명, 35.7%)","57. 아파트 내(집주변) 공터 (89명, 32.1%)","30. 식당(패밀리레스토랑, 주점 등) (89명, 32.1%)","01. 문예회관
02. 지방문화원
03. 문화의집
04. 생활문화센터
05. 사설문화센터
06. 미술관
07. 박물관·전시관
08. 기념관
09. 공연장
10. 영화관
11. 도서관·대형서점
12. 행정복지센터
13. 여성회관
14. 사회복지관
15. 노인복지관
16. 평생학습관
17. 학교시설
18. 학원(어학，기술，자격증 취득 등)
19. 노래방
20. PC방(복합멀티게임방)
21. 만화방
22. 오락장(아케이드게임방, 보드게임방 등)
23. 클럽(댄스포함)
24. 목욕시설(목욕탕, 찜질방, 사우나, 온천 등)
25. 미용관리실(피부관리, 네일아트, 마사지, 헤어숍 등)
26. 수족관(아쿠아리움)
27. 쇼핑몰(백화점 등)
28. 카페(커피숍, 방탈출, VR카페, 이색테마카페 등)
29. 대형마트
30. 식당(패밀리레스토랑, 주점 등)
31. 국민체육센터(주민체육센터 등)
32. 청소년수련관
33. 복합체육관
34. 헬스클럽
35. 골프연습장(스크린골프장)
36. 수영장
37. 당구장, 탁구장, 볼링장
38. 빙상경기장(아이스링크)
39. 기타 실내 체육시설
40. 종교시설(교회, 절, 성당 등)
41. 위에서 분류되지 않은 기타 실내시설
42. 운동경기장（축구, 농구，야구 등）
43. 학교운동장
44. 골프장
45. 기타 실외 체육시설
46. 생활권공원(근린공원，소공원，어린이공원 등)
47. 주제공원(역사공원, 수변공원, 체육공원 등)
48. 산림욕장
49. 식물원
50. 캠핑장
51. 산(자연공원 포함)
52. 차 없는 거리(나혜석 거리, 수원역 로데오거리)
53. 수원화성(행궁, 행리단길, 화성성곽)
54. 근대거리(향교로, 구 경기도청 일원)
55. 구 농촌진흥청 서울대학교 농생대(서호일원, 상상캠퍼스)
56. 재래시장
57. 아파트 내(집주변) 공터
58. 위에서 분류되지 않은 기타 실외공간"
여가,2023년 수원서베이.csv,Q32_1r1,문32-1. 1년동안 가장 많이 이용한 여가공간 - 1순위,"29. 대형마트 (252명, 37.9%)","30. 식당(패밀리레스토랑, 주점 등) (210명, 31.6%)","46. 생활권공원(근린공원，소공원，어린이공원 등) (203명, 30.5%)","01. 문예회관
02. 지방문화원
03. 문화의집
04. 생활문화센터
05. 사설문화센터
06. 미술관
07. 박물관·전시관
08. 기념관
09. 공연장
10. 영화관
11. 도서관·대형서점
12. 행정복지센터
13. 여성회관
14. 사회복지관
15. 노인복지관
16. 평생학습관
17. 학교시설
18. 학원(어학，기술，자격증 취득 등)
19. 노래방
20. PC방(복합멀티게임방)
21. 만화방
22. 오락장(아케이드게임방, 보드게임방 등)
23. 클럽(댄스포함)
24. 목욕시설(목욕탕, 찜질방, 사우나, 온천 등)
25. 미용관리실(피부관리, 네일아트, 마사지, 헤어숍 등)
26. 수족관(아쿠아리움)
27. 쇼핑몰(백화점 등)
28. 카페(커피숍, 방탈출, VR카페, 이색테마카페 등)
29. 대형마트
30. 식당(패밀리레스토랑, 주점 등)
31. 국민체육센터(주민체육센터 등)
32. 청소년수련관
33. 복합체육관
34. 헬스클럽
35. 골프연습장(스크린골프장)
36. 수영장
37. 당구장, 탁구장, 볼링장
38. 빙상경기장(아이스링크)
39. 기타 실내 체육시설
40. 종교시설(교회, 절, 성당 등)
41. 위에서 분류되지 않은 기타 실내시설
42. 운동경기장（축구, 농구，야구 등）
43. 학교운동장
44. 골프장
45. 기타 실외 체육시설
46. 생활권공원(근린공원，소공원，어린이공원 등)
47. 주제공원(역사공원, 수변공원, 체육공원 등)
48. 산림욕장
49. 식물원
50. 캠핑장
51. 산(자연공원 포함)
52. 차 없는 거리(나혜석 거리, 수원역 로데오거리)
53. 수원화성(행궁, 행리단길, 화성성곽)
54. 근대거리(향교로, 구 경기도청 일원)
55. 구 농촌진흥청 서울대학교 농생대(서호일원, 상상캠퍼스)
56. 재래시장
57. 아파트 내(집주변) 공터
58. 위에서 분류되지 않은 기타 실외공간"
여가,2023년 수원서베이.csv,Q32_1r2,문32-1. 1년동안 가장 많이 이용한 여가공간 - 2순위,"30. 식당(패밀리레스토랑, 주점 등) (300명, 44.3%)","29. 대형마트 (213명, 31.5%)","28. 카페(커피숍, 방탈출, VR카페, 이색테마카페 등) (164명, 24.2%)","01. 문예회관
02. 지방문화원
03. 문화의집
04. 생활문화센터
05. 사설문화센터
06. 미술관
07. 박물관·전시관
08. 기념관
09. 공연장
10. 영화관
11. 도서관·대형서점
12. 행정복지센터
13. 여성회관
14. 사회복지관
15. 노인복지관
16. 평생학습관
17. 학교시설
18. 학원(어학，기술，자격증 취득 등)
19. 노래방
20. PC방(복합멀티게임방)
21. 만화방
22. 오락장(아케이드게임방, 보드게임방 등)
23. 클럽(댄스포함)
24. 목욕시설(목욕탕, 찜질방, 사우나, 온천 등)
25. 미용관리실(피부관리, 네일아트, 마사지, 헤어숍 등)
26. 수족관(아쿠아리움)
27. 쇼핑몰(백화점 등)
28. 카페(커피숍, 방탈출, VR카페, 이색테마카페 등)
29. 대형마트
30. 식당(패밀리레스토랑, 주점 등)
31. 국민체육센터(주민체육센터 등)
32. 청소년수련관
33. 복합체육관
34. 헬스클럽
35. 골프연습장(스크린골프장)
36. 수영장
37. 당구장, 탁구장, 볼링장
38. 빙상경기장(아이스링크)
39. 기타 실내 체육시설
40. 종교시설(교회, 절, 성당 등)
41. 위에서 분류되지 않은 기타 실내시설
42. 운동경기장（축구, 농구，야구 등）
43. 학교운동장
44. 골프장
45. 기타 실외 체육시설
46. 생활권공원(근린공원，소공원，어린이공원 등)
47. 주제공원(역사공원, 수변공원, 체육공원 등)
48. 산림욕장
49. 식물원
50. 캠핑장
51. 산(자연공원 포함)
52. 차 없는 거리(나혜석 거리, 수원역 로데오거리)
53. 수원화성(행궁, 행리단길, 화성성곽)
54. 근대거리(향교로, 구 경기도청 일원)
55. 구 농촌진흥청 서울대학교 농생대(서호일원, 상상캠퍼스)
56. 재래시장
57. 아파트 내(집주변) 공터
58. 위에서 분류되지 않은 기타 실외공간"
여가,2023년 수원서베이.csv,Q32_1r3,문32-1. 1년동안 가장 많이 이용한 여가공간 - 3순위,"29. 대형마트 (185명, 35.8%)","30. 식당(패밀리레스토랑, 주점 등) (175명, 33.8%)","46. 생활권공원(근린공원，소공원，어린이공원 등) (157명, 30.4%)","01. 문예회관
02. 지방문화원
03. 문화의집
04. 생활문화센터
05. 사설문화센터
06. 미술관
07. 박물관·전시관
08. 기념관
09. 공연장
10. 영화관
11. 도서관·대형서점
12. 행정복지센터
13. 여성회관
14. 사회복지관
15. 노인복지관
16. 평생학습관
17. 학교시설
18. 학원(어학，기술，자격증 취득 등)
19. 노래방
20. PC방(복합멀티게임방)
21. 만화방
22. 오락장(아케이드게임방, 보드게임방 등)
23. 클럽(댄스포함)
24. 목욕시설(목욕탕, 찜질방, 사우나, 온천 등)
25. 미용관리실(피부관리, 네일아트, 마사지, 헤어숍 등)
26. 수족관(아쿠아리움)
27. 쇼핑몰(백화점 등)
28. 카페(커피숍, 방탈출, VR카페, 이색테마카페 등)
29. 대형마트
30. 식당(패밀리레스토랑, 주점 등)
31. 국민체육센터(주민체육센터 등)
32. 청소년수련관
33. 복합체육관
34. 헬스클럽
35. 골프연습장(스크린골프장)
36. 수영장
37. 당구장, 탁구장, 볼링장
38. 빙상경기장(아이스링크)
39. 기타 실내 체육시설
40. 종교시설(교회, 절, 성당 등)
41. 위에서 분류되지 않은 기타 실내시설
42. 운동경기장（축구, 농구，야구 등）
43. 학교운동장
44. 골프장
45. 기타 실외 체육시설
46. 생활권공원(근린공원，소공원，어린이공원 등)
47. 주제공원(역사공원, 수변공원, 체육공원 등)
48. 산림욕장
49. 식물원
50. 캠핑장
51. 산(자연공원 포함)
52. 차 없는 거리(나혜석 거리, 수원역 로데오거리)
53. 수원화성(행궁, 행리단길, 화성성곽)
54. 근대거리(향교로, 구 경기도청 일원)
55. 구 농촌진흥청 서울대학교 농생대(서호일원, 상상캠퍼스)
56. 재래시장
57. 아파트 내(집주변) 공터
58. 위에서 분류되지 않은 기타 실외공간"
여가,2023년 수원서베이.csv,Q32_2r1,문32-2. 향후 1년동안 이용하고 싶은 여가공간 - 1순위,"04. 생활문화센터 (146명, 38.0%)","10. 영화관 (121명, 31.5%)","09. 공연장 (117명, 30.5%)","01. 문예회관
02. 지방문화원
03. 문화의집
04. 생활문화센터
05. 사설문화센터
06. 미술관
07. 박물관·전시관
08. 기념관
09. 공연장
10. 영화관
11. 도서관·대형서점
12. 행정복지센터
13. 여성회관
14. 사회복지관
15. 노인복지관
16. 평생학습관
17. 학교시설
18. 학원(어학，기술，자격증 취득 등)
19. 노래방
20. PC방(복합멀티게임방)
21. 만화방
22. 오락장(아케이드게임방, 보드게임방 등)
23. 클럽(댄스포함)
24. 목욕시설(목욕탕, 찜질방, 사우나, 온천 등)
25. 미용관리실(피부관리, 네일아트, 마사지, 헤어숍 등)
26. 수족관(아쿠아리움)
27. 쇼핑몰(백화점 등)
28. 카페(커피숍, 방탈출, VR카페, 이색테마카페 등)
29. 대형마트
30. 식당(패밀리레스토랑, 주점 등)
31. 국민체육센터(주민체육센터 등)
32. 청소년수련관
33. 복합체육관
34. 헬스클럽
35. 골프연습장(스크린골프장)
36. 수영장
37. 당구장, 탁구장, 볼링장
38. 빙상경기장(아이스링크)
39. 기타 실내 체육시설
40. 종교시설(교회, 절, 성당 등)
41. 위에서 분류되지 않은 기타 실내시설
42. 운동경기장（축구, 농구，야구 등）
43. 학교운동장
44. 골프장
45. 기타 실외 체육시설
46. 생활권공원(근린공원，소공원，어린이공원 등)
47. 주제공원(역사공원, 수변공원, 체육공원 등)
48. 산림욕장
49. 식물원
50. 캠핑장
51. 산(자연공원 포함)
52. 차 없는 거리(나혜석 거리, 수원역 로데오거리)
53. 수원화성(행궁, 행리단길, 화성성곽)
54. 근대거리(향교로, 구 경기도청 일원)
55. 구 농촌진흥청 서울대학교 농생대(서호일원, 상상캠퍼스)
56. 재래시장
57. 아파트 내(집주변) 공터
58. 위에서 분류되지 않은 기타 실외공간"
여가,2023년 수원서베이.csv,Q32_2r2,문32-2. 향후 1년동안 이용하고 싶은 여가공간 - 2순위,"30. 식당(패밀리레스토랑, 주점 등) (105명, 33.7%)","28. 카페(커피숍, 방탈출, VR카페, 이색테마카페 등) (104명, 33.3%)","46. 생활권공원(근린공원，소공원，어린이공원 등) (103명, 33.0%)","01. 문예회관
02. 지방문화원
03. 문화의집
04. 생활문화센터
05. 사설문화센터
06. 미술관
07. 박물관·전시관
08. 기념관
09. 공연장
10. 영화관
11. 도서관·대형서점
12. 행정복지센터
13. 여성회관
14. 사회복지관
15. 노인복지관
16. 평생학습관
17. 학교시설
18. 학원(어학，기술，자격증 취득 등)
19. 노래방
20. PC방(복합멀티게임방)
21. 만화방
22. 오락장(아케이드게임방, 보드게임방 등)
23. 클럽(댄스포함)
24. 목욕시설(목욕탕, 찜질방, 사우나, 온천 등)
25. 미용관리실(피부관리, 네일아트, 마사지, 헤어숍 등)
26. 수족관(아쿠아리움)
27. 쇼핑몰(백화점 등)
28. 카페(커피숍, 방탈출, VR카페, 이색테마카페 등)
29. 대형마트
30. 식당(패밀리레스토랑, 주점 등)
31. 국민체육센터(주민체육센터 등)
32. 청소년수련관
33. 복합체육관
34. 헬스클럽
35. 골프연습장(스크린골프장)
36. 수영장
37. 당구장, 탁구장, 볼링장
38. 빙상경기장(아이스링크)
39. 기타 실내 체육시설
40. 종교시설(교회, 절, 성당 등)
41. 위에서 분류되지 않은 기타 실내시설
42. 운동경기장（축구, 농구，야구 등）
43. 학교운동장
44. 골프장
45. 기타 실외 체육시설
46. 생활권공원(근린공원，소공원，어린이공원 등)
47. 주제공원(역사공원, 수변공원, 체육공원 등)
48. 산림욕장
49. 식물원
50. 캠핑장
51. 산(자연공원 포함)
52. 차 없는 거리(나혜석 거리, 수원역 로데오거리)
53. 수원화성(행궁, 행리단길, 화성성곽)
54. 근대거리(향교로, 구 경기도청 일원)
55. 구 농촌진흥청 서울대학교 농생대(서호일원, 상상캠퍼스)
56. 재래시장
57. 아파트 내(집주변) 공터
58. 위에서 분류되지 않은 기타 실외공간"
여가,2023년 수원서베이.csv,Q32_2r3,문32-2. 향후 1년동안 이용하고 싶은 여가공간 - 3순위,"51. 산(자연공원 포함) (122명, 34.5%)","50. 캠핑장 (118명, 33.3%)","46. 생활권공원(근린공원，소공원，어린이공원 등) (114명, 32.2%)","01. 문예회관
02. 지방문화원
03. 문화의집
04. 생활문화센터
05. 사설문화센터
06. 미술관
07. 박물관·전시관
08. 기념관
09. 공연장
10. 영화관
11. 도서관·대형서점
12. 행정복지센터
13. 여성회관
14. 사회복지관
15. 노인복지관
16. 평생학습관
17. 학교시설
18. 학원(어학，기술，자격증 취득 등)
19. 노래방
20. PC방(복합멀티게임방)
21. 만화방
22. 오락장(아케이드게임방, 보드게임방 등)
23. 클럽(댄스포함)
24. 목욕시설(목욕탕, 찜질방, 사우나, 온천 등)
25. 미용관리실(피부관리, 네일아트, 마사지, 헤어숍 등)
26. 수족관(아쿠아리움)
27. 쇼핑몰(백화점 등)
28. 카페(커피숍, 방탈출, VR카페, 이색테마카페 등)
29. 대형마트
30. 식당(패밀리레스토랑, 주점 등)
31. 국민체육센터(주민체육센터 등)
32. 청소년수련관
33. 복합체육관
34. 헬스클럽
35. 골프연습장(스크린골프장)
36. 수영장
37. 당구장, 탁구장, 볼링장
38. 빙상경기장(아이스링크)
39. 기타 실내 체육시설
40. 종교시설(교회, 절, 성당 등)
41. 위에서 분류되지 않은 기타 실내시설
42. 운동경기장（축구, 농구，야구 등）
43. 학교운동장
44. 골프장
45. 기타 실외 체육시설
46. 생활권공원(근린공원，소공원，어린이공원 등)
47. 주제공원(역사공원, 수변공원, 체육공원 등)
48. 산림욕장
49. 식물원
50. 캠핑장
51. 산(자연공원 포함)
52. 차 없는 거리(나혜석 거리, 수원역 로데오거리)
53. 수원화성(행궁, 행리단길, 화성성곽)
54. 근대거리(향교로, 구 경기도청 일원)
55. 구 농촌진흥청 서울대학교 농생대(서호일원, 상상캠퍼스)
56. 재래시장
57. 아파트 내(집주변) 공터
58. 위에서 분류되지 않은 기타 실외공간"
여가,2023년 수원서베이.csv,Q33op,문33. 수원시 내 여가활동 참여 시 제약_기타,"주차장부족 (3명, 42.9%)","교통체증 (2명, 28.6%)","주말교통체증 (2명, 28.6%)",
여가,2023년 수원서베이.csv,Q33r1,문33. 수원시 내 여가활동 참여 시 제약(1순위),"제약을 느낀 점이 없음 (687명, 52.1%)","여가활동에 필요한 장비 부족 (377명, 28.6%)","이동을 위한 교통편 미흡 (255명, 19.3%)","활동에 적합한 장소나 시설 부족
이동을 위한 교통편 미흡
여가활동 관련 정보 부족
여가활동에 필요한 장비 부족
여가활동을 같이 할 사람이 없음
여가활동을 하기에 경제적 여유가 없음
여가활동을 위한 여유시간이 없음
여가활동이 귀찮고 피곤함
여가활동을 하기에 건강이 좋지 않음
기타
제약을 느낀 점이 없음"
여가,2023년 수원서베이.csv,Q33r2,문33. 수원시 내 여가활동 참여 시 제약(2순위),"이동을 위한 교통편 미흡 (238명, 37.7%)","여가활동에 필요한 장비 부족 (221명, 35.0%)","여가활동이 귀찮고 피곤함 (173명, 27.4%)","활동에 적합한 장소나 시설 부족
이동을 위한 교통편 미흡
여가활동 관련 정보 부족
여가활동에 필요한 장비 부족
여가활동을 같이 할 사람이 없음
여가활동을 하기에 경제적 여유가 없음
여가활동을 위한 여유시간이 없음
여가활동이 귀찮고 피곤함
여가활동을 하기에 건강이 좋지 않음
기타
제약을 느낀 점이 없음"
스포츠 문화,2023년 수원서베이.csv,Q34a1,문34. 2023년 관람한 문화예술 행사 관람횟수 - 1. 문학행사_수원시 내,"0 (87명, 61.3%)","1 (42명, 29.6%)","2 (13명, 9.2%)",
스포츠 문화,2023년 수원서베이.csv,Q34a2,문34. 2023년 관람한 문화예술 행사 관람횟수 - 1. 문학행사_수원시 외,"0 (83명, 59.7%)","1 (47명, 33.8%)","2 (9명, 6.5%)",
스포츠 문화,2023년 수원서베이.csv,Q34a3,문34. 2023년 관람한 문화예술 행사 관람횟수 - 1. 문학행사_TV/온라인/모바일 등,"0 (63명, 44.4%)","2 (50명, 35.2%)","1 (29명, 20.4%)",
스포츠 문화,2023년 수원서베이.csv,Q34b1,문34. 2023년 관람한 문화예술 행사 관람횟수 - 2. 전시_수원시 내,"1 (144명, 64.6%)","0 (57명, 25.6%)","2 (22명, 9.9%)",
스포츠 문화,2023년 수원서베이.csv,Q34b2,문34. 2023년 관람한 문화예술 행사 관람횟수 - 2. 전시_수원시 외,"0 (71명, 44.7%)","1 (52명, 32.7%)","2 (36명, 22.6%)",
스포츠 문화,2023년 수원서베이.csv,Q34b3,문34. 2023년 관람한 문화예술 행사 관람횟수 - 2. 전시_TV/온라인/모바일 등,"0 (71명, 65.1%)","3 (22명, 20.2%)","2 (16명, 14.7%)",
스포츠 문화,2023년 수원서베이.csv,Q34c1,문34. 2023년 관람한 문화예술 행사 관람횟수 - 3. 서양음악_수원시 내,"0 (73명, 55.3%)","1 (35명, 26.5%)","2 (24명, 18.2%)",
스포츠 문화,2023년 수원서베이.csv,Q34c2,문34. 2023년 관람한 문화예술 행사 관람횟수 - 3. 서양음악_수원시 외,"0 (81명, 68.1%)","2 (20명, 16.8%)","1 (18명, 15.1%)",
스포츠 문화,2023년 수원서베이.csv,Q34c3,문34. 2023년 관람한 문화예술 행사 관람횟수 - 3. 서양음악_TV/온라인/모바일 등,"0 (65명, 56.5%)","1 (31명, 27.0%)","2 (19명, 16.5%)",
스포츠 문화,2023년 수원서베이.csv,Q34d1,문34. 2023년 관람한 문화예술 행사 관람횟수 - 4. 전통예술_수원시 내,"0 (85명, 58.2%)","1 (37명, 25.3%)","2 (24명, 16.4%)",
스포츠 문화,2023년 수원서베이.csv,Q34d2,문34. 2023년 관람한 문화예술 행사 관람횟수 - 4. 전통예술_수원시 외,"0 (81명, 62.8%)","1 (27명, 20.9%)","2 (21명, 16.3%)",
스포츠 문화,2023년 수원서베이.csv,Q34d3,문34. 2023년 관람한 문화예술 행사 관람횟수 - 4. 전통예술_TV/온라인/모바일 등,"0 (81명, 65.3%)","1 (23명, 18.5%)","2 (20명, 16.1%)",
스포츠 문화,2023년 수원서베이.csv,Q34e1,"문34. 2023년 관람한 문화예술 행사 관람횟수 - 5. 연극, 뮤지컬_수원시 내","1 (162명, 54.9%)","2 (75명, 25.4%)","0 (58명, 19.7%)",
스포츠 문화,2023년 수원서베이.csv,Q34e2,"문34. 2023년 관람한 문화예술 행사 관람횟수 - 5. 연극, 뮤지컬_수원시 외","1 (82명, 49.7%)","0 (69명, 41.8%)","3 (14명, 8.5%)",
스포츠 문화,2023년 수원서베이.csv,Q34e3,"문34. 2023년 관람한 문화예술 행사 관람횟수 - 5. 연극, 뮤지컬_TV/온라인/모바일 등","0 (67명, 50.4%)","2 (34명, 25.6%)","1 (32명, 24.1%)",
스포츠 문화,2023년 수원서베이.csv,Q34f1,문34. 2023년 관람한 문화예술 행사 관람횟수 - 6. 무용_수원시 내,"0 (89명, 74.8%)","1 (25명, 21.0%)","2 (5명, 4.2%)",
스포츠 문화,2023년 수원서베이.csv,Q34f2,문34. 2023년 관람한 문화예술 행사 관람횟수 - 6. 무용_수원시 외,"0 (77명, 65.8%)","2 (29명, 24.8%)","1 (11명, 9.4%)",
스포츠 문화,2023년 수원서베이.csv,Q34f3,문34. 2023년 관람한 문화예술 행사 관람횟수 - 6. 무용_TV/온라인/모바일 등,"0 (72명, 63.2%)","1 (23명, 20.2%)","3 (19명, 16.7%)",
스포츠 문화,2023년 수원서베이.csv,Q34g1,문34. 2023년 관람한 문화예술 행사 관람횟수 - 7. 영화_수원시 내,"2 (435명, 47.9%)","1 (253명, 27.9%)","3 (220명, 24.2%)",
스포츠 문화,2023년 수원서베이.csv,Q34g2,문34. 2023년 관람한 문화예술 행사 관람횟수 - 7. 영화_수원시 외,"1 (116명, 38.8%)","0 (94명, 31.4%)","2 (89명, 29.8%)",
스포츠 문화,2023년 수원서베이.csv,Q34g3,문34. 2023년 관람한 문화예술 행사 관람횟수 - 7. 영화_TV/온라인/모바일 등,"3 (182명, 38.2%)","2 (163명, 34.2%)","5 (132명, 27.7%)",
스포츠 문화,2023년 수원서베이.csv,Q34h1,문34. 2023년 관람한 문화예술 행사 관람횟수 - 8. 대중공연_수원시 내,"1 (97명, 45.8%)","0 (75명, 35.4%)","2 (40명, 18.9%)",
스포츠 문화,2023년 수원서베이.csv,Q34h2,문34. 2023년 관람한 문화예술 행사 관람횟수 - 8. 대중공연_수원시 외,"1 (87명, 48.1%)","0 (71명, 39.2%)","2 (23명, 12.7%)",
스포츠 문화,2023년 수원서베이.csv,Q34h3,문34. 2023년 관람한 문화예술 행사 관람횟수 - 8. 대중공연_TV/온라인/모바일 등,"2 (115명, 56.1%)","1 (55명, 26.8%)","0 (35명, 17.1%)",
스포츠 문화,2023년 수원서베이.csv,Q34i1,문34. 2023년 관람한 문화예술 행사 관람횟수 - 9. 축제_수원시 내,"1 (263명, 73.3%)","2 (49명, 13.6%)","0 (47명, 13.1%)",
스포츠 문화,2023년 수원서베이.csv,Q34i2,문34. 2023년 관람한 문화예술 행사 관람횟수 - 9. 축제_수원시 외,"1 (86명, 47.3%)","0 (53명, 29.1%)","2 (43명, 23.6%)",
스포츠 문화,2023년 수원서베이.csv,Q34i3,문34. 2023년 관람한 문화예술 행사 관람횟수 - 9. 축제_TV/온라인/모바일 등,"0 (76명, 56.3%)","1 (45명, 33.3%)","2 (14명, 10.4%)",
여가,2023년 수원서베이.csv,Q35a1,문35. 수원시 내 여가생활 평가 - 1. 나의 전반적인 여가생활에 만족한다,"⑤ (782명, 45.1%)","④보통 (508명, 29.3%)","⑥ (445명, 25.6%)","①전혀 그렇지 않다
②
③
④보통
⑤
⑥
⑦매우 그렇다
그렇지 않다
보통
그렇다
모름/무응답"
여가,2023년 수원서베이.csv,Q35a2,문35. 수원시 내 여가생활 평가 - 2. 주변 사람들에게 내가 하는 여가활동을 추천할 의향이 있다,"⑤ (707명, 43.4%)","④보통 (615명, 37.8%)","③ (307명, 18.8%)","①전혀 그렇지 않다
②
③
④보통
⑤
⑥
⑦매우 그렇다
그렇지 않다
보통
그렇다
모름/무응답"
여가,2023년 수원서베이.csv,Q36a1,문36. 수원시 여가정책 평가 - 1. 다양한 여가시설이 있다,"⑤ (938명, 49.3%)","⑥ (525명, 27.6%)","④보통 (438명, 23.0%)","①전혀 그렇지 않다
②
③
④보통
⑤
⑥
⑦매우 그렇다
그렇지 않다
보통
그렇다
모름/무응답"
여가,2023년 수원서베이.csv,Q36a2,문36. 수원시 여가정책 평가 - 2. 질 좋은 여가프로그램을 개발 및 보급하고 있다,"⑤ (842명, 45.5%)","④보통 (537명, 29.0%)","⑥ (473명, 25.5%)","①전혀 그렇지 않다
②
③
④보통
⑤
⑥
⑦매우 그렇다
그렇지 않다
보통
그렇다
모름/무응답"
여가,2023년 수원서베이.csv,Q36a3,문36. 수원시 여가정책 평가 - 3. 여가와 관련한 전문인력을 양성 및 배치하고 있다,"⑤ (811명, 43.8%)","④보통 (593명, 32.1%)","⑥ (446명, 24.1%)","①전혀 그렇지 않다
②
③
④보통
⑤
⑥
⑦매우 그렇다
그렇지 않다
보통
그렇다
모름/무응답"
여가,2023년 수원서베이.csv,Q36a6,문36. 수원시 여가정책 평가 - 6. 보다 나은 여가생활을 위해 법규와 제도를 개선하고 있다,"⑤ (858명, 46.9%)","④보통 (580명, 31.7%)","⑥ (391명, 21.4%)","①전혀 그렇지 않다
②
③
④보통
⑤
⑥
⑦매우 그렇다
그렇지 않다
보통
그렇다
모름/무응답"
스포츠 문화,2023년 수원서베이.csv,Q49a11,문49. 수원시의 바람직한 미래상 - 11. 역동적인 스포츠도시 수원,"⑤ (804명, 43.9%)","⑥ (630명, 34.4%)","④보통 (398명, 21.7%)","①전혀 중요하지 않다
②
③
④보통
⑤
⑥
⑦매우 중요하다
중요하지 않음
보통
중요함
모름/무응답"
정책 인지도·만족도(체감도),2023년 수원서베이.csv,Q50a7,"문50. 수원시 정책분야 중요도 - 7. 문화, 체육, 관광","⑤ (727명, 41.4%)","⑥ (676명, 38.5%)","④보통 (354명, 20.1%)","①전혀 중요하지 않다
②
③
④보통
⑤
⑥
⑦매우 중요하다
중요하지 않음
보통
중요함
모름/무응답"
여가,2023년 수원서베이.csv,Q6d1,문6. 지출 유무 - 4. 문화생활/오락비,"지출 있음 (1564명, 76.6%)","지출 없음 (477명, 23.4%)",,"지출 없음
지출 있음"
여가,2023년 수원서베이.csv,Q6d2,문6. 지출 금액 - 4. 문화생활/오락비,"20만원 미만 (1305명, 83.5%)","20~ 40만원 미만 (213명, 13.6%)","40~ 60만원 미만 (45명, 2.9%)","20만원 미만
20~ 40만원 미만
40~ 60만원 미만
60~ 80만원 미만
80~ 100만원 미만
100만원 이상"
여가,2024년 수원서베이.csv,Q20a1b1,(가구대표자용) 문20. 귀하는 지난 1년간 하루 평균 여가 시간이 어느 정도였습니까? 평일과 주말(휴일 포함) 구분하여 응답해 주십시오. - 1. 평일 시,"2 (812명, 38.9%)","3 (749명, 35.9%)","1 (528명, 25.3%)",
여가,2024년 수원서베이.csv,Q20a1b2,(가구대표자용) 문20. 귀하는 지난 1년간 하루 평균 여가 시간이 어느 정도였습니까? 평일과 주말(휴일 포함) 구분하여 응답해 주십시오. - 1. 평일 분,"0 (2563명, 86.2%)","30 (331명, 11.1%)","20 (80명, 2.7%)",
여가,2024년 수원서베이.csv,Q20a2b1,(가구대표자용) 문20. 귀하는 지난 1년간 하루 평균 여가 시간이 어느 정도였습니까? 평일과 주말(휴일 포함) 구분하여 응답해 주십시오. - 2. 주말(휴일 포함) 시,"5 (597명, 42.5%)","8 (414명, 29.5%)","6 (393명, 28.0%)",
여가,2024년 수원서베이.csv,Q20a2b2,(가구대표자용) 문20. 귀하는 지난 1년간 하루 평균 여가 시간이 어느 정도였습니까? 평일과 주말(휴일 포함) 구분하여 응답해 주십시오. - 2. 주말(휴일 포함) 분,"0 (2708명, 91.1%)","30 (193명, 6.5%)","20 (73명, 2.5%)",
여가,2024년 수원서베이.csv,Q21a1,(가구대표자용) 문21. 귀하는 평소 여가 시간이 충분하다고 생각하십니까? 평일과 주말(휴일 포함) 구분하여 응답해 주십시오. - 1. 평일,"④ 보통 (890명, 39.9%)","⑤ (843명, 37.8%)","⑥ (495명, 22.2%)","① 매우 부족하다
②
③
④ 보통
⑤
⑥
⑦ 매우 충분하다"
여가,2024년 수원서베이.csv,Q21a2,(가구대표자용) 문21. 귀하는 평소 여가 시간이 충분하다고 생각하십니까? 평일과 주말(휴일 포함) 구분하여 응답해 주십시오. - 2. 주말(휴일 포함),"⑤ (1214명, 48.0%)","④ 보통 (682명, 27.0%)","⑥ (631명, 25.0%)","① 매우 부족하다
②
③
④ 보통
⑤
⑥
⑦ 매우 충분하다"
여가,2024년 수원서베이.csv,Q22m1,(가구대표자용) 문22. 다음 여가활동 중 귀하가 지난 1년간 오프라인(시설/공간방문)으로 하신 활동을 모두 선택해 주십시오.(중복 응답),"활동 없음 (933명, 46.1%)","극장에서 영화 관람(TV, 컴퓨터를 이용한 영화 제외) (665명, 32.8%)","미술관, 전시회 관람(미술, 사진, 건축, 디자인 등) (428명, 21.1%)","미술관, 전시회 관람(미술, 사진, 건축, 디자인 등)
박물관 관람(역사, 일상생활, 문화 등)
서양 고전 음악공연 관람(클래식, 오페라 등)
대중공연 관람(쇼, 콘서트, 마술쇼 등)
무용공연 관람(현대무용, 발레 등)
전통예술공연 관람(국악, 민속놀이 등)
연극공연 관람(뮤지컬 포함)
문화행사 관람(작가와의 만남 및 강연, 전시)
극장에서 영화 관람(TV, 컴퓨터를 이용한 영화 제외)
야외문화행사(축제, 거리예술, 공공예술 등 관람)
활동 없음"
여가,2024년 수원서베이.csv,Q22m10,(가구대표자용) 문22. 다음 여가활동 중 귀하가 지난 1년간 오프라인(시설/공간방문)으로 하신 활동을 모두 선택해 주십시오.(중복 응답),"야외문화행사(축제, 거리예술, 공공예술 등 관람) (1명, 100.0%)",,,"미술관, 전시회 관람(미술, 사진, 건축, 디자인 등)
박물관 관람(역사, 일상생활, 문화 등)
서양 고전 음악공연 관람(클래식, 오페라 등)
대중공연 관람(쇼, 콘서트, 마술쇼 등)
무용공연 관람(현대무용, 발레 등)
전통예술공연 관람(국악, 민속놀이 등)
연극공연 관람(뮤지컬 포함)
문화행사 관람(작가와의 만남 및 강연, 전시)
극장에서 영화 관람(TV, 컴퓨터를 이용한 영화 제외)
야외문화행사(축제, 거리예술, 공공예술 등 관람)
활동 없음"
여가,2024년 수원서베이.csv,Q22m2,(가구대표자용) 문22. 다음 여가활동 중 귀하가 지난 1년간 오프라인(시설/공간방문)으로 하신 활동을 모두 선택해 주십시오.(중복 응답),"극장에서 영화 관람(TV, 컴퓨터를 이용한 영화 제외) (402명, 43.0%)","야외문화행사(축제, 거리예술, 공공예술 등 관람) (344명, 36.8%)","박물관 관람(역사, 일상생활, 문화 등) (189명, 20.2%)","미술관, 전시회 관람(미술, 사진, 건축, 디자인 등)
박물관 관람(역사, 일상생활, 문화 등)
서양 고전 음악공연 관람(클래식, 오페라 등)
대중공연 관람(쇼, 콘서트, 마술쇼 등)
무용공연 관람(현대무용, 발레 등)
전통예술공연 관람(국악, 민속놀이 등)
연극공연 관람(뮤지컬 포함)
문화행사 관람(작가와의 만남 및 강연, 전시)
극장에서 영화 관람(TV, 컴퓨터를 이용한 영화 제외)
야외문화행사(축제, 거리예술, 공공예술 등 관람)
활동 없음"
여가,2024년 수원서베이.csv,Q22m3,(가구대표자용) 문22. 다음 여가활동 중 귀하가 지난 1년간 오프라인(시설/공간방문)으로 하신 활동을 모두 선택해 주십시오.(중복 응답),"극장에서 영화 관람(TV, 컴퓨터를 이용한 영화 제외) (212명, 44.3%)","야외문화행사(축제, 거리예술, 공공예술 등 관람) (201명, 42.0%)","연극공연 관람(뮤지컬 포함) (66명, 13.8%)","미술관, 전시회 관람(미술, 사진, 건축, 디자인 등)
박물관 관람(역사, 일상생활, 문화 등)
서양 고전 음악공연 관람(클래식, 오페라 등)
대중공연 관람(쇼, 콘서트, 마술쇼 등)
무용공연 관람(현대무용, 발레 등)
전통예술공연 관람(국악, 민속놀이 등)
연극공연 관람(뮤지컬 포함)
문화행사 관람(작가와의 만남 및 강연, 전시)
극장에서 영화 관람(TV, 컴퓨터를 이용한 영화 제외)
야외문화행사(축제, 거리예술, 공공예술 등 관람)
활동 없음"
여가,2024년 수원서베이.csv,Q22m4,(가구대표자용) 문22. 다음 여가활동 중 귀하가 지난 1년간 오프라인(시설/공간방문)으로 하신 활동을 모두 선택해 주십시오.(중복 응답),"야외문화행사(축제, 거리예술, 공공예술 등 관람) (101명, 51.0%)","극장에서 영화 관람(TV, 컴퓨터를 이용한 영화 제외) (70명, 35.4%)","연극공연 관람(뮤지컬 포함) (27명, 13.6%)","미술관, 전시회 관람(미술, 사진, 건축, 디자인 등)
박물관 관람(역사, 일상생활, 문화 등)
서양 고전 음악공연 관람(클래식, 오페라 등)
대중공연 관람(쇼, 콘서트, 마술쇼 등)
무용공연 관람(현대무용, 발레 등)
전통예술공연 관람(국악, 민속놀이 등)
연극공연 관람(뮤지컬 포함)
문화행사 관람(작가와의 만남 및 강연, 전시)
극장에서 영화 관람(TV, 컴퓨터를 이용한 영화 제외)
야외문화행사(축제, 거리예술, 공공예술 등 관람)
활동 없음"
여가,2024년 수원서베이.csv,Q22m5,(가구대표자용) 문22. 다음 여가활동 중 귀하가 지난 1년간 오프라인(시설/공간방문)으로 하신 활동을 모두 선택해 주십시오.(중복 응답),"야외문화행사(축제, 거리예술, 공공예술 등 관람) (49명, 51.6%)","극장에서 영화 관람(TV, 컴퓨터를 이용한 영화 제외) (38명, 40.0%)","연극공연 관람(뮤지컬 포함) (8명, 8.4%)","미술관, 전시회 관람(미술, 사진, 건축, 디자인 등)
박물관 관람(역사, 일상생활, 문화 등)
서양 고전 음악공연 관람(클래식, 오페라 등)
대중공연 관람(쇼, 콘서트, 마술쇼 등)
무용공연 관람(현대무용, 발레 등)
전통예술공연 관람(국악, 민속놀이 등)
연극공연 관람(뮤지컬 포함)
문화행사 관람(작가와의 만남 및 강연, 전시)
극장에서 영화 관람(TV, 컴퓨터를 이용한 영화 제외)
야외문화행사(축제, 거리예술, 공공예술 등 관람)
활동 없음"
여가,2024년 수원서베이.csv,Q22m6,(가구대표자용) 문22. 다음 여가활동 중 귀하가 지난 1년간 오프라인(시설/공간방문)으로 하신 활동을 모두 선택해 주십시오.(중복 응답),"야외문화행사(축제, 거리예술, 공공예술 등 관람) (33명, 75.0%)","문화행사 관람(작가와의 만남 및 강연, 전시) (6명, 13.6%)","극장에서 영화 관람(TV, 컴퓨터를 이용한 영화 제외) (5명, 11.4%)","미술관, 전시회 관람(미술, 사진, 건축, 디자인 등)
박물관 관람(역사, 일상생활, 문화 등)
서양 고전 음악공연 관람(클래식, 오페라 등)
대중공연 관람(쇼, 콘서트, 마술쇼 등)
무용공연 관람(현대무용, 발레 등)
전통예술공연 관람(국악, 민속놀이 등)
연극공연 관람(뮤지컬 포함)
문화행사 관람(작가와의 만남 및 강연, 전시)
극장에서 영화 관람(TV, 컴퓨터를 이용한 영화 제외)
야외문화행사(축제, 거리예술, 공공예술 등 관람)
활동 없음"
여가,2024년 수원서베이.csv,Q22m7,(가구대표자용) 문22. 다음 여가활동 중 귀하가 지난 1년간 오프라인(시설/공간방문)으로 하신 활동을 모두 선택해 주십시오.(중복 응답),"야외문화행사(축제, 거리예술, 공공예술 등 관람) (5명, 45.5%)","극장에서 영화 관람(TV, 컴퓨터를 이용한 영화 제외) (5명, 45.5%)","연극공연 관람(뮤지컬 포함) (1명, 9.1%)","미술관, 전시회 관람(미술, 사진, 건축, 디자인 등)
박물관 관람(역사, 일상생활, 문화 등)
서양 고전 음악공연 관람(클래식, 오페라 등)
대중공연 관람(쇼, 콘서트, 마술쇼 등)
무용공연 관람(현대무용, 발레 등)
전통예술공연 관람(국악, 민속놀이 등)
연극공연 관람(뮤지컬 포함)
문화행사 관람(작가와의 만남 및 강연, 전시)
극장에서 영화 관람(TV, 컴퓨터를 이용한 영화 제외)
야외문화행사(축제, 거리예술, 공공예술 등 관람)
활동 없음"
여가,2024년 수원서베이.csv,Q22m8,(가구대표자용) 문22. 다음 여가활동 중 귀하가 지난 1년간 오프라인(시설/공간방문)으로 하신 활동을 모두 선택해 주십시오.(중복 응답),"야외문화행사(축제, 거리예술, 공공예술 등 관람) (4명, 66.7%)","문화행사 관람(작가와의 만남 및 강연, 전시) (1명, 16.7%)","극장에서 영화 관람(TV, 컴퓨터를 이용한 영화 제외) (1명, 16.7%)","미술관, 전시회 관람(미술, 사진, 건축, 디자인 등)
박물관 관람(역사, 일상생활, 문화 등)
서양 고전 음악공연 관람(클래식, 오페라 등)
대중공연 관람(쇼, 콘서트, 마술쇼 등)
무용공연 관람(현대무용, 발레 등)
전통예술공연 관람(국악, 민속놀이 등)
연극공연 관람(뮤지컬 포함)
문화행사 관람(작가와의 만남 및 강연, 전시)
극장에서 영화 관람(TV, 컴퓨터를 이용한 영화 제외)
야외문화행사(축제, 거리예술, 공공예술 등 관람)
활동 없음"
여가,2024년 수원서베이.csv,Q22m9,(가구대표자용) 문22. 다음 여가활동 중 귀하가 지난 1년간 오프라인(시설/공간방문)으로 하신 활동을 모두 선택해 주십시오.(중복 응답),"극장에서 영화 관람(TV, 컴퓨터를 이용한 영화 제외) (1명, 50.0%)","야외문화행사(축제, 거리예술, 공공예술 등 관람) (1명, 50.0%)",,"미술관, 전시회 관람(미술, 사진, 건축, 디자인 등)
박물관 관람(역사, 일상생활, 문화 등)
서양 고전 음악공연 관람(클래식, 오페라 등)
대중공연 관람(쇼, 콘서트, 마술쇼 등)
무용공연 관람(현대무용, 발레 등)
전통예술공연 관람(국악, 민속놀이 등)
연극공연 관람(뮤지컬 포함)
문화행사 관람(작가와의 만남 및 강연, 전시)
극장에서 영화 관람(TV, 컴퓨터를 이용한 영화 제외)
야외문화행사(축제, 거리예술, 공공예술 등 관람)
활동 없음"
여가,2024년 수원서베이.csv,Q25m1,(가구대표자용) 문25. 올해(2024년) 수원 내에서 여가를 위해 방문해본 실외 여가공간은 어디입니까?(중복 응답),"생활권공원(근린공원，소공원，어린이공원 등) (963명, 57.6%)","운동경기장（축구, 농구，야구 등） (368명, 22.0%)","기타 실외 체육시설 (340명, 20.3%)","운동경기장（축구, 농구，야구 등）
학교운동장
골프장
기타 실외 체육시설
생활권공원(근린공원，소공원，어린이공원 등)
주제공원(역사공원, 수변공원, 체육공원 등)
산림욕장
식물원
캠핑장
산(자연공원 포함)
차 없는 거리(나혜석 거리, 수원역 로데오거리)
수원화성(행궁, 행리단길, 화성성곽)
근대거리(향교로, 구 경기도청 일원)
구 농촌진흥청 서울대학교 농생대(서호일원, 상상캠퍼스)
재래시장
아파트 내(집주변) 공터
위에서 분류되지 않은 기타 실외공간
없음"
여가,2024년 수원서베이.csv,Q25m10,(가구대표자용) 문25. 올해(2024년) 수원 내에서 여가를 위해 방문해본 실외 여가공간은 어디입니까?(중복 응답),"아파트 내(집주변) 공터 (26명, 40.0%)","재래시장 (22명, 33.8%)","위에서 분류되지 않은 기타 실외공간 (17명, 26.2%)","운동경기장（축구, 농구，야구 등）
학교운동장
골프장
기타 실외 체육시설
생활권공원(근린공원，소공원，어린이공원 등)
주제공원(역사공원, 수변공원, 체육공원 등)
산림욕장
식물원
캠핑장
산(자연공원 포함)
차 없는 거리(나혜석 거리, 수원역 로데오거리)
수원화성(행궁, 행리단길, 화성성곽)
근대거리(향교로, 구 경기도청 일원)
구 농촌진흥청 서울대학교 농생대(서호일원, 상상캠퍼스)
재래시장
아파트 내(집주변) 공터
위에서 분류되지 않은 기타 실외공간
없음"
여가,2024년 수원서베이.csv,Q25m11,(가구대표자용) 문25. 올해(2024년) 수원 내에서 여가를 위해 방문해본 실외 여가공간은 어디입니까?(중복 응답),"아파트 내(집주변) 공터 (19명, 52.8%)","위에서 분류되지 않은 기타 실외공간 (10명, 27.8%)","재래시장 (7명, 19.4%)","운동경기장（축구, 농구，야구 등）
학교운동장
골프장
기타 실외 체육시설
생활권공원(근린공원，소공원，어린이공원 등)
주제공원(역사공원, 수변공원, 체육공원 등)
산림욕장
식물원
캠핑장
산(자연공원 포함)
차 없는 거리(나혜석 거리, 수원역 로데오거리)
수원화성(행궁, 행리단길, 화성성곽)
근대거리(향교로, 구 경기도청 일원)
구 농촌진흥청 서울대학교 농생대(서호일원, 상상캠퍼스)
재래시장
아파트 내(집주변) 공터
위에서 분류되지 않은 기타 실외공간
없음"
여가,2024년 수원서베이.csv,Q25m12,(가구대표자용) 문25. 올해(2024년) 수원 내에서 여가를 위해 방문해본 실외 여가공간은 어디입니까?(중복 응답),"위에서 분류되지 않은 기타 실외공간 (10명, 50.0%)","아파트 내(집주변) 공터 (7명, 35.0%)","구 농촌진흥청 서울대학교 농생대(서호일원, 상상캠퍼스) (3명, 15.0%)","운동경기장（축구, 농구，야구 등）
학교운동장
골프장
기타 실외 체육시설
생활권공원(근린공원，소공원，어린이공원 등)
주제공원(역사공원, 수변공원, 체육공원 등)
산림욕장
식물원
캠핑장
산(자연공원 포함)
차 없는 거리(나혜석 거리, 수원역 로데오거리)
수원화성(행궁, 행리단길, 화성성곽)
근대거리(향교로, 구 경기도청 일원)
구 농촌진흥청 서울대학교 농생대(서호일원, 상상캠퍼스)
재래시장
아파트 내(집주변) 공터
위에서 분류되지 않은 기타 실외공간
없음"
여가,2024년 수원서베이.csv,Q25m13,(가구대표자용) 문25. 올해(2024년) 수원 내에서 여가를 위해 방문해본 실외 여가공간은 어디입니까?(중복 응답),"재래시장 (3명, 33.3%)","아파트 내(집주변) 공터 (3명, 33.3%)","위에서 분류되지 않은 기타 실외공간 (3명, 33.3%)","운동경기장（축구, 농구，야구 등）
학교운동장
골프장
기타 실외 체육시설
생활권공원(근린공원，소공원，어린이공원 등)
주제공원(역사공원, 수변공원, 체육공원 등)
산림욕장
식물원
캠핑장
산(자연공원 포함)
차 없는 거리(나혜석 거리, 수원역 로데오거리)
수원화성(행궁, 행리단길, 화성성곽)
근대거리(향교로, 구 경기도청 일원)
구 농촌진흥청 서울대학교 농생대(서호일원, 상상캠퍼스)
재래시장
아파트 내(집주변) 공터
위에서 분류되지 않은 기타 실외공간
없음"
여가,2024년 수원서베이.csv,Q25m14,(가구대표자용) 문25. 올해(2024년) 수원 내에서 여가를 위해 방문해본 실외 여가공간은 어디입니까?(중복 응답),"아파트 내(집주변) 공터 (3명, 50.0%)","재래시장 (2명, 33.3%)","위에서 분류되지 않은 기타 실외공간 (1명, 16.7%)","운동경기장（축구, 농구，야구 등）
학교운동장
골프장
기타 실외 체육시설
생활권공원(근린공원，소공원，어린이공원 등)
주제공원(역사공원, 수변공원, 체육공원 등)
산림욕장
식물원
캠핑장
산(자연공원 포함)
차 없는 거리(나혜석 거리, 수원역 로데오거리)
수원화성(행궁, 행리단길, 화성성곽)
근대거리(향교로, 구 경기도청 일원)
구 농촌진흥청 서울대학교 농생대(서호일원, 상상캠퍼스)
재래시장
아파트 내(집주변) 공터
위에서 분류되지 않은 기타 실외공간
없음"
여가,2024년 수원서베이.csv,Q25m15,(가구대표자용) 문25. 올해(2024년) 수원 내에서 여가를 위해 방문해본 실외 여가공간은 어디입니까?(중복 응답),"아파트 내(집주변) 공터 (2명, 66.7%)","위에서 분류되지 않은 기타 실외공간 (1명, 33.3%)",,"운동경기장（축구, 농구，야구 등）
학교운동장
골프장
기타 실외 체육시설
생활권공원(근린공원，소공원，어린이공원 등)
주제공원(역사공원, 수변공원, 체육공원 등)
산림욕장
식물원
캠핑장
산(자연공원 포함)
차 없는 거리(나혜석 거리, 수원역 로데오거리)
수원화성(행궁, 행리단길, 화성성곽)
근대거리(향교로, 구 경기도청 일원)
구 농촌진흥청 서울대학교 농생대(서호일원, 상상캠퍼스)
재래시장
아파트 내(집주변) 공터
위에서 분류되지 않은 기타 실외공간
없음"
여가,2024년 수원서베이.csv,Q25m2,(가구대표자용) 문25. 올해(2024년) 수원 내에서 여가를 위해 방문해본 실외 여가공간은 어디입니까?(중복 응답),"주제공원(역사공원, 수변공원, 체육공원 등) (556명, 41.1%)","생활권공원(근린공원，소공원，어린이공원 등) (520명, 38.4%)","산(자연공원 포함) (278명, 20.5%)","운동경기장（축구, 농구，야구 등）
학교운동장
골프장
기타 실외 체육시설
생활권공원(근린공원，소공원，어린이공원 등)
주제공원(역사공원, 수변공원, 체육공원 등)
산림욕장
식물원
캠핑장
산(자연공원 포함)
차 없는 거리(나혜석 거리, 수원역 로데오거리)
수원화성(행궁, 행리단길, 화성성곽)
근대거리(향교로, 구 경기도청 일원)
구 농촌진흥청 서울대학교 농생대(서호일원, 상상캠퍼스)
재래시장
아파트 내(집주변) 공터
위에서 분류되지 않은 기타 실외공간
없음"
여가,2024년 수원서베이.csv,Q25m3,(가구대표자용) 문25. 올해(2024년) 수원 내에서 여가를 위해 방문해본 실외 여가공간은 어디입니까?(중복 응답),"수원화성(행궁, 행리단길, 화성성곽) (384명, 39.4%)","차 없는 거리(나혜석 거리, 수원역 로데오거리) (298명, 30.6%)","산(자연공원 포함) (292명, 30.0%)","운동경기장（축구, 농구，야구 등）
학교운동장
골프장
기타 실외 체육시설
생활권공원(근린공원，소공원，어린이공원 등)
주제공원(역사공원, 수변공원, 체육공원 등)
산림욕장
식물원
캠핑장
산(자연공원 포함)
차 없는 거리(나혜석 거리, 수원역 로데오거리)
수원화성(행궁, 행리단길, 화성성곽)
근대거리(향교로, 구 경기도청 일원)
구 농촌진흥청 서울대학교 농생대(서호일원, 상상캠퍼스)
재래시장
아파트 내(집주변) 공터
위에서 분류되지 않은 기타 실외공간
없음"
여가,2024년 수원서베이.csv,Q25m4,(가구대표자용) 문25. 올해(2024년) 수원 내에서 여가를 위해 방문해본 실외 여가공간은 어디입니까?(중복 응답),"수원화성(행궁, 행리단길, 화성성곽) (324명, 40.4%)","재래시장 (240명, 30.0%)","차 없는 거리(나혜석 거리, 수원역 로데오거리) (237명, 29.6%)","운동경기장（축구, 농구，야구 등）
학교운동장
골프장
기타 실외 체육시설
생활권공원(근린공원，소공원，어린이공원 등)
주제공원(역사공원, 수변공원, 체육공원 등)
산림욕장
식물원
캠핑장
산(자연공원 포함)
차 없는 거리(나혜석 거리, 수원역 로데오거리)
수원화성(행궁, 행리단길, 화성성곽)
근대거리(향교로, 구 경기도청 일원)
구 농촌진흥청 서울대학교 농생대(서호일원, 상상캠퍼스)
재래시장
아파트 내(집주변) 공터
위에서 분류되지 않은 기타 실외공간
없음"
여가,2024년 수원서베이.csv,Q25m5,(가구대표자용) 문25. 올해(2024년) 수원 내에서 여가를 위해 방문해본 실외 여가공간은 어디입니까?(중복 응답),"수원화성(행궁, 행리단길, 화성성곽) (228명, 36.2%)","아파트 내(집주변) 공터 (213명, 33.9%)","재래시장 (188명, 29.9%)","운동경기장（축구, 농구，야구 등）
학교운동장
골프장
기타 실외 체육시설
생활권공원(근린공원，소공원，어린이공원 등)
주제공원(역사공원, 수변공원, 체육공원 등)
산림욕장
식물원
캠핑장
산(자연공원 포함)
차 없는 거리(나혜석 거리, 수원역 로데오거리)
수원화성(행궁, 행리단길, 화성성곽)
근대거리(향교로, 구 경기도청 일원)
구 농촌진흥청 서울대학교 농생대(서호일원, 상상캠퍼스)
재래시장
아파트 내(집주변) 공터
위에서 분류되지 않은 기타 실외공간
없음"
여가,2024년 수원서베이.csv,Q25m6,(가구대표자용) 문25. 올해(2024년) 수원 내에서 여가를 위해 방문해본 실외 여가공간은 어디입니까?(중복 응답),"아파트 내(집주변) 공터 (195명, 42.0%)","재래시장 (147명, 31.7%)","수원화성(행궁, 행리단길, 화성성곽) (122명, 26.3%)","운동경기장（축구, 농구，야구 등）
학교운동장
골프장
기타 실외 체육시설
생활권공원(근린공원，소공원，어린이공원 등)
주제공원(역사공원, 수변공원, 체육공원 등)
산림욕장
식물원
캠핑장
산(자연공원 포함)
차 없는 거리(나혜석 거리, 수원역 로데오거리)
수원화성(행궁, 행리단길, 화성성곽)
근대거리(향교로, 구 경기도청 일원)
구 농촌진흥청 서울대학교 농생대(서호일원, 상상캠퍼스)
재래시장
아파트 내(집주변) 공터
위에서 분류되지 않은 기타 실외공간
없음"
여가,2024년 수원서베이.csv,Q25m7,(가구대표자용) 문25. 올해(2024년) 수원 내에서 여가를 위해 방문해본 실외 여가공간은 어디입니까?(중복 응답),"아파트 내(집주변) 공터 (148명, 51.7%)","재래시장 (79명, 27.6%)","수원화성(행궁, 행리단길, 화성성곽) (59명, 20.6%)","운동경기장（축구, 농구，야구 등）
학교운동장
골프장
기타 실외 체육시설
생활권공원(근린공원，소공원，어린이공원 등)
주제공원(역사공원, 수변공원, 체육공원 등)
산림욕장
식물원
캠핑장
산(자연공원 포함)
차 없는 거리(나혜석 거리, 수원역 로데오거리)
수원화성(행궁, 행리단길, 화성성곽)
근대거리(향교로, 구 경기도청 일원)
구 농촌진흥청 서울대학교 농생대(서호일원, 상상캠퍼스)
재래시장
아파트 내(집주변) 공터
위에서 분류되지 않은 기타 실외공간
없음"
여가,2024년 수원서베이.csv,Q25m8,(가구대표자용) 문25. 올해(2024년) 수원 내에서 여가를 위해 방문해본 실외 여가공간은 어디입니까?(중복 응답),"아파트 내(집주변) 공터 (87명, 46.3%)","재래시장 (61명, 32.4%)","위에서 분류되지 않은 기타 실외공간 (40명, 21.3%)","운동경기장（축구, 농구，야구 등）
학교운동장
골프장
기타 실외 체육시설
생활권공원(근린공원，소공원，어린이공원 등)
주제공원(역사공원, 수변공원, 체육공원 등)
산림욕장
식물원
캠핑장
산(자연공원 포함)
차 없는 거리(나혜석 거리, 수원역 로데오거리)
수원화성(행궁, 행리단길, 화성성곽)
근대거리(향교로, 구 경기도청 일원)
구 농촌진흥청 서울대학교 농생대(서호일원, 상상캠퍼스)
재래시장
아파트 내(집주변) 공터
위에서 분류되지 않은 기타 실외공간
없음"
여가,2024년 수원서베이.csv,Q25m9,(가구대표자용) 문25. 올해(2024년) 수원 내에서 여가를 위해 방문해본 실외 여가공간은 어디입니까?(중복 응답),"아파트 내(집주변) 공터 (51명, 48.1%)","위에서 분류되지 않은 기타 실외공간 (28명, 26.4%)","재래시장 (27명, 25.5%)","운동경기장（축구, 농구，야구 등）
학교운동장
골프장
기타 실외 체육시설
생활권공원(근린공원，소공원，어린이공원 등)
주제공원(역사공원, 수변공원, 체육공원 등)
산림욕장
식물원
캠핑장
산(자연공원 포함)
차 없는 거리(나혜석 거리, 수원역 로데오거리)
수원화성(행궁, 행리단길, 화성성곽)
근대거리(향교로, 구 경기도청 일원)
구 농촌진흥청 서울대학교 농생대(서호일원, 상상캠퍼스)
재래시장
아파트 내(집주변) 공터
위에서 분류되지 않은 기타 실외공간
없음"
여가,2024년 수원서베이.csv,Q26op,(가구대표자용) 문26. 귀하께서는 수원시 내에서 여가활동에 참여하는데 어려움을 느끼십니까?_기타,"2순위 없음 (3명, 42.9%)","주차시설 부족 (3명, 42.9%)","교통혼잡 (1명, 14.3%)",
여가,2024년 수원서베이.csv,Q26r1,(가구대표자용) 문26. 귀하께서는 수원시 내에서 여가활동에 참여하는데 어려움을 느끼십니까? - 1순위,"어려움을 느낀 점이 없음 (988명, 57.0%)","여가활동 관련 정보 부족 (397명, 22.9%)","여가활동을 위한 여유시간이 없음 (348명, 20.1%)","활동에 적합한 장소나 시설 부족
이동을 위한 교통편 미흡
여가활동 관련 정보 부족
여가활동에 필요한 장비 부족
여가활동을 같이 할 사람이 없음
여가활동을 하기에 경제적 여유가 없음
여가활동을 위한 여유시간이 없음
여가활동이 귀찮고 피곤함
여가활동을 하기에 건강이 좋지 않음
기타
어려움을 느낀 점이 없음"
여가,2024년 수원서베이.csv,Q26r2,(가구대표자용) 문26. 귀하께서는 수원시 내에서 여가활동에 참여하는데 어려움을 느끼십니까? - 2순위,"여가활동을 하기에 경제적 여유가 없음 (365명, 38.1%)","여가활동 관련 정보 부족 (306명, 31.9%)","여가활동을 위한 여유시간이 없음 (287명, 30.0%)","활동에 적합한 장소나 시설 부족
이동을 위한 교통편 미흡
여가활동 관련 정보 부족
여가활동에 필요한 장비 부족
여가활동을 같이 할 사람이 없음
여가활동을 하기에 경제적 여유가 없음
여가활동을 위한 여유시간이 없음
여가활동이 귀찮고 피곤함
여가활동을 하기에 건강이 좋지 않음
기타
어려움을 느낀 점이 없음"
여가,2024년 수원서베이.csv,Q27a1,(가구대표자용) 문27. 귀하께서는 수원시 내에서 참여하신 여가생활과 관련한 아래 의견에 어떻게 평가하고 계십니까? - 1. 나의 전반적인 여가생활에 만족한다,"⑤ (1029명, 40.5%)","④ 보통 (955명, 37.6%)","⑥ (559명, 22.0%)","① 전혀 그렇지 않다
②
③
④ 보통
⑤
⑥
⑦ 매우 그렇다"
여가,2024년 수원서베이.csv,Q27a2,(가구대표자용) 문27. 귀하께서는 수원시 내에서 참여하신 여가생활과 관련한 아래 의견에 어떻게 평가하고 계십니까? - 2. 현재 일과 여가생활 간 균형이 잘 이루어지고 있다,"⑤ (1100명, 44.8%)","④ 보통 (932명, 38.0%)","⑥ (421명, 17.2%)","① 전혀 그렇지 않다
②
③
④ 보통
⑤
⑥
⑦ 매우 그렇다"
정책 인지도·만족도(체감도),2024년 수원서베이.csv,Q4a10,(가구대표자용) 문4. 귀하는 수원시에서 생활하면서 다음의 환경에 어느 정도 만족하고 계십니까? - 10. 문화환경,"⑤ (1263명, 47.3%)","⑥ (707명, 26.5%)","④ 보통 (702명, 26.3%)","① 전혀 만족하지 않는다
②
③
④ 보통
⑤
⑥
⑦ 매우 만족한다"
경제,2024년 수원서베이.csv,Q59a1,(가구대표자용) 문59. 수원시의 바람직한 미래상을 가정한 각 항목입니다. 귀하가 생각하는 각 항목별 중요도를 고려해 응답해 주십시오. - 1. 활력 있는 경제도시 수원,"⑥ (970명, 38.3%)","⑤ (957명, 37.8%)","⑦ 매우 중요하다 (606명, 23.9%)","① 전혀 중요하지 않다
②
③
④ 보통
⑤
⑥
⑦ 매우 중요하다"
스포츠 문화,2024년 수원서베이.csv,Q59a11,(가구대표자용) 문59. 수원시의 바람직한 미래상을 가정한 각 항목입니다. 귀하가 생각하는 각 항목별 중요도를 고려해 응답해 주십시오. - 11. 역동적인 스포츠도시 수원,"⑥ (1010명, 41.6%)","⑤ (886명, 36.5%)","④ 보통 (529명, 21.8%)","① 전혀 중요하지 않다
②
③
④ 보통
⑤
⑥
⑦ 매우 중요하다"
정책 인지도·만족도(체감도),2024년 수원서베이.csv,Q60a1,(가구대표자용) 문60. 다음은 시민에게 제공되는 정책을 나열한 것입니다. 각 정책 분야별로 귀하가 생각하는 중요 수준은 어느 정도입니까? - 1. 복지,"⑥ (1071명, 39.9%)","⑤ (1043명, 38.9%)","⑦ 매우 중요하다 (567명, 21.1%)","① 전혀 중요하지 않다
②
③
④ 보통
⑤
⑥
⑦ 매우 중요하다"
정책 인지도·만족도(체감도),2024년 수원서베이.csv,Q60a10,(가구대표자용) 문60. 다음은 시민에게 제공되는 정책을 나열한 것입니다. 각 정책 분야별로 귀하가 생각하는 중요 수준은 어느 정도입니까? - 10. 환경 및 기후변화,"⑥ (1088명, 43.8%)","⑤ (816명, 32.9%)","⑦ 매우 중요하다 (579명, 23.3%)","① 전혀 중요하지 않다
②
③
④ 보통
⑤
⑥
⑦ 매우 중요하다"
정책 인지도·만족도(체감도),2024년 수원서베이.csv,Q60a11,(가구대표자용) 문60. 다음은 시민에게 제공되는 정책을 나열한 것입니다. 각 정책 분야별로 귀하가 생각하는 중요 수준은 어느 정도입니까? - 11. 인구,"⑥ (1099명, 44.8%)","⑤ (831명, 33.8%)","⑦ 매우 중요하다 (525명, 21.4%)","① 전혀 중요하지 않다
②
③
④ 보통
⑤
⑥
⑦ 매우 중요하다"
정책 인지도·만족도(체감도),2024년 수원서베이.csv,Q60a2,(가구대표자용) 문60. 다음은 시민에게 제공되는 정책을 나열한 것입니다. 각 정책 분야별로 귀하가 생각하는 중요 수준은 어느 정도입니까? - 2. 교통,"⑥ (969명, 37.8%)","⑦ 매우 중요하다 (804명, 31.3%)","⑤ (792명, 30.9%)","① 전혀 중요하지 않다
②
③
④ 보통
⑤
⑥
⑦ 매우 중요하다"
경제,2024년 수원서베이.csv,Q60a3,(가구대표자용) 문60. 다음은 시민에게 제공되는 정책을 나열한 것입니다. 각 정책 분야별로 귀하가 생각하는 중요 수준은 어느 정도입니까? - 3. 산업 및 경제,"⑥ (1087명, 42.8%)","⑦ 매우 중요하다 (733명, 28.9%)","⑤ (719명, 28.3%)","① 전혀 중요하지 않다
②
③
④ 보통
⑤
⑥
⑦ 매우 중요하다"
정책 인지도·만족도(체감도),2024년 수원서베이.csv,Q60a4,(가구대표자용) 문60. 다음은 시민에게 제공되는 정책을 나열한 것입니다. 각 정책 분야별로 귀하가 생각하는 중요 수준은 어느 정도입니까? - 4. 일자리,"⑥ (1015명, 40.1%)","⑦ 매우 중요하다 (801명, 31.7%)","⑤ (713명, 28.2%)","① 전혀 중요하지 않다
②
③
④ 보통
⑤
⑥
⑦ 매우 중요하다"
정책 인지도·만족도(체감도),2024년 수원서베이.csv,Q60a5,(가구대표자용) 문60. 다음은 시민에게 제공되는 정책을 나열한 것입니다. 각 정책 분야별로 귀하가 생각하는 중요 수준은 어느 정도입니까? - 5. 주거 및 생활,"⑥ (992명, 38.9%)","⑦ 매우 중요하다 (803명, 31.5%)","⑤ (754명, 29.6%)","① 전혀 중요하지 않다
②
③
④ 보통
⑤
⑥
⑦ 매우 중요하다"
정책 인지도·만족도(체감도),2024년 수원서베이.csv,Q60a6,(가구대표자용) 문60. 다음은 시민에게 제공되는 정책을 나열한 것입니다. 각 정책 분야별로 귀하가 생각하는 중요 수준은 어느 정도입니까? - 6. 도시계획 및 정비,"⑥ (1097명, 43.5%)","⑤ (866명, 34.3%)","⑦ 매우 중요하다 (560명, 22.2%)","① 전혀 중요하지 않다
②
③
④ 보통
⑤
⑥
⑦ 매우 중요하다"
정책 인지도·만족도(체감도),2024년 수원서베이.csv,Q60a7,"(가구대표자용) 문60. 다음은 시민에게 제공되는 정책을 나열한 것입니다. 각 정책 분야별로 귀하가 생각하는 중요 수준은 어느 정도입니까? - 7. 문화, 체육, 관광","⑥ (1058명, 43.5%)","⑤ (870명, 35.8%)","⑦ 매우 중요하다 (502명, 20.7%)","① 전혀 중요하지 않다
②
③
④ 보통
⑤
⑥
⑦ 매우 중요하다"
정책 인지도·만족도(체감도),2024년 수원서베이.csv,Q60a8,(가구대표자용) 문60. 다음은 시민에게 제공되는 정책을 나열한 것입니다. 각 정책 분야별로 귀하가 생각하는 중요 수준은 어느 정도입니까? - 8. 교육 및 평생학습,"⑥ (1076명, 43.6%)","⑤ (844명, 34.2%)","⑦ 매우 중요하다 (549명, 22.2%)","① 전혀 중요하지 않다
②
③
④ 보통
⑤
⑥
⑦ 매우 중요하다"
정책 인지도·만족도(체감도),2024년 수원서베이.csv,Q60a9,(가구대표자용) 문60. 다음은 시민에게 제공되는 정책을 나열한 것입니다. 각 정책 분야별로 귀하가 생각하는 중요 수준은 어느 정도입니까? - 9. 안전,"⑥ (1041명, 40.1%)","⑦ 매우 중요하다 (818명, 31.5%)","⑤ (737명, 28.4%)","① 전혀 중요하지 않다
②
③
④ 보통
⑤
⑥
⑦ 매우 중요하다"
정책 인지도·만족도(체감도),2024년 수원서베이.csv,Q61,(가구대표자용) 문61. 현재 수원시정에 대한 만족도는 어떻게 생각하십니까? 7점 만점으로 응답해주세요.,"⑤ (1542명, 52.6%)","⑥ (717명, 24.5%)","④ 보통 (673명, 23.0%)","① 전혀 만족하지 않는다
②
③
④ 보통
⑤
⑥
⑦ 매우 만족한다"
정책 인지도·만족도(체감도),2024년 수원서베이.csv,SCORE1,정책 관심도,"보통 (1448명, 47.4%)","관심 없음 (816명, 26.7%)","관심 많음 (793명, 25.9%)","관심 없음
보통
관심 많음"
