질문번호,질문,답변1,답변2,답변3,답변항목 설명
q1,1. 귀하는 수원시의 시책이나 시정 운영에 대해 어느 정도 알고 계십니까?,"5 (550.6명, 32.3%)","4 (434.3명, 25.5%)","6 (329.9명, 19.4%)","① 전혀 모르고 있다
②
③
④ 보통이다
⑤
⑥
⑦ 매우 잘 알고 있다"
q10_1_1,"10. 귀하는 다음의 사람들과의 관계에 대해 어떻게 생각하십니까? 
-옆집에 이사 와서 이웃이 되는 것 _1. 외국인 노동자","3 (943.5명, 55.4%)","2 (379.5명, 22.3%)","4 (275.3명, 16.2%)","① 매우 불편하다
② 다소 불편하다
③ 별로 불편하지 않다
④ 전혀 불편하지 않다"
q10_1_2,"10. 귀하는 다음의 사람들과의 관계에 대해 어떻게 생각하십니까? 
-옆집에 이사 와서 이웃이 되는 것 _2. 외국 이주민","3 (954.8명, 56.0%)","4 (349.8명, 20.5%)","2 (298.3명, 17.5%)","① 매우 불편하다
② 다소 불편하다
③ 별로 불편하지 않다
④ 전혀 불편하지 않다"
q10_1_3,"10. 귀하는 다음의 사람들과의 관계에 대해 어떻게 생각하십니까? 
-옆집에 이사 와서 이웃이 되는 것 _3. 다문화 학생","3 (885.1명, 52.0%)","4 (543.8명, 31.9%)","2 (212.9명, 12.5%)","① 매우 불편하다
② 다소 불편하다
③ 별로 불편하지 않다
④ 전혀 불편하지 않다"
q10_1_4,"10. 귀하는 다음의 사람들과의 관계에 대해 어떻게 생각하십니까? 
-옆집에 이사 와서 이웃이 되는 것 _4. 장애인","3 (908.2명, 53.3%)","4 (524.1명, 30.8%)","2 (224.6명, 13.2%)","① 매우 불편하다
② 다소 불편하다
③ 별로 불편하지 않다
④ 전혀 불편하지 않다"
q10_1_5,"10. 귀하는 다음의 사람들과의 관계에 대해 어떻게 생각하십니까? 
-옆집에 이사 와서 이웃이 되는 것 _5. 새터민(북한이탈주민)","3 (873.4명, 51.3%)","2 (381.4명, 22.4%)","4 (364.4명, 21.4%)","① 매우 불편하다
② 다소 불편하다
③ 별로 불편하지 않다
④ 전혀 불편하지 않다"
q10_1_6,"10. 귀하는 다음의 사람들과의 관계에 대해 어떻게 생각하십니까? 
-옆집에 이사 와서 이웃이 되는 것 _6. 성소수자","2 (568.5명, 33.4%)","3 (558.2명, 32.8%)","1 (310.0명, 18.2%)","① 매우 불편하다
② 다소 불편하다
③ 별로 불편하지 않다
④ 전혀 불편하지 않다"
q10_1_7,"10. 귀하는 다음의 사람들과의 관계에 대해 어떻게 생각하십니까? 
-옆집에 이사 와서 이웃이 되는 것 _7. 난민","3 (661.4명, 38.8%)","2 (547.8명, 32.2%)","4 (250.7명, 14.7%)","① 매우 불편하다
② 다소 불편하다
③ 별로 불편하지 않다
④ 전혀 불편하지 않다"
q10_2_1,"10. 귀하는 다음의 사람들과의 관계에 대해 어떻게 생각하십니까? 
-나 혹은 자녀와 친구로 지내는 것 _1. 외국인 노동자","3 (907.1명, 53.2%)","2 (366.0명, 21.5%)","4 (313.8명, 18.4%)","① 매우 불편하다
② 다소 불편하다
③ 별로 불편하지 않다
④ 전혀 불편하지 않다"
q10_2_2,"10. 귀하는 다음의 사람들과의 관계에 대해 어떻게 생각하십니까? 
-나 혹은 자녀와 친구로 지내는 것 _2. 외국 이주민","3 (905.3명, 53.1%)","4 (396.3명, 23.3%)","2 (296.4명, 17.4%)","① 매우 불편하다
② 다소 불편하다
③ 별로 불편하지 않다
④ 전혀 불편하지 않다"
q10_2_3,"10. 귀하는 다음의 사람들과의 관계에 대해 어떻게 생각하십니까? 
-나 혹은 자녀와 친구로 지내는 것 _3. 다문화 학생","3 (800.7명, 47.0%)","4 (598.9명, 35.2%)","2 (232.7명, 13.7%)","① 매우 불편하다
② 다소 불편하다
③ 별로 불편하지 않다
④ 전혀 불편하지 않다"
q10_2_4,"10. 귀하는 다음의 사람들과의 관계에 대해 어떻게 생각하십니까? 
-나 혹은 자녀와 친구로 지내는 것 _4. 장애인","3 (872.7명, 51.2%)","4 (523.3명, 30.7%)","2 (248.0명, 14.6%)","① 매우 불편하다
② 다소 불편하다
③ 별로 불편하지 않다
④ 전혀 불편하지 않다"
q10_2_5,"10. 귀하는 다음의 사람들과의 관계에 대해 어떻게 생각하십니까? 
-나 혹은 자녀와 친구로 지내는 것 _5. 새터민(북한이탈주민)","3 (855.9명, 50.2%)","4 (380.8명, 22.4%)","2 (367.6명, 21.6%)","① 매우 불편하다
② 다소 불편하다
③ 별로 불편하지 않다
④ 전혀 불편하지 않다"
q10_2_6,"10. 귀하는 다음의 사람들과의 관계에 대해 어떻게 생각하십니까? 
-나 혹은 자녀와 친구로 지내는 것 _6. 성소수자","2 (617.5명, 36.2%)","3 (483.6명, 28.4%)","1 (362.5명, 21.3%)","① 매우 불편하다
② 다소 불편하다
③ 별로 불편하지 않다
④ 전혀 불편하지 않다"
q10_2_7,"10. 귀하는 다음의 사람들과의 관계에 대해 어떻게 생각하십니까? 
-나 혹은 자녀와 친구로 지내는 것 _7. 난민","3 (640.9명, 37.6%)","2 (584.4명, 34.3%)","4 (251.0명, 14.7%)","① 매우 불편하다
② 다소 불편하다
③ 별로 불편하지 않다
④ 전혀 불편하지 않다"
q10_3_1,"10. 귀하는 다음의 사람들과의 관계에 대해 어떻게 생각하십니까? 
-나 혹은 자녀의 결혼 상대가 되는 것 _1. 외국인 노동자","2 (584.7명, 34.3%)","3 (535.8명, 31.5%)","1 (360.6명, 21.2%)","① 매우 불편하다
② 다소 불편하다
③ 별로 불편하지 않다
④ 전혀 불편하지 않다"
q10_3_2,"10. 귀하는 다음의 사람들과의 관계에 대해 어떻게 생각하십니까? 
-나 혹은 자녀의 결혼 상대가 되는 것 _2. 외국 이주민","3 (692.0명, 40.6%)","2 (509.0명, 29.9%)","1 (262.5명, 15.4%)","① 매우 불편하다
② 다소 불편하다
③ 별로 불편하지 않다
④ 전혀 불편하지 않다"
q10_3_3,"10. 귀하는 다음의 사람들과의 관계에 대해 어떻게 생각하십니까? 
-나 혹은 자녀의 결혼 상대가 되는 것 _3. 다문화 학생","3 (781.5명, 45.9%)","2 (379.4명, 22.3%)","4 (307.5명, 18.1%)","① 매우 불편하다
② 다소 불편하다
③ 별로 불편하지 않다
④ 전혀 불편하지 않다"
q10_3_4,"10. 귀하는 다음의 사람들과의 관계에 대해 어떻게 생각하십니까? 
-나 혹은 자녀의 결혼 상대가 되는 것 _4. 장애인","2 (735.3명, 43.2%)","3 (462.8명, 27.2%)","1 (322.8명, 19.0%)","① 매우 불편하다
② 다소 불편하다
③ 별로 불편하지 않다
④ 전혀 불편하지 않다"
q10_3_5,"10. 귀하는 다음의 사람들과의 관계에 대해 어떻게 생각하십니까? 
-나 혹은 자녀의 결혼 상대가 되는 것 _5. 새터민(북한이탈주민)","2 (607.3명, 35.7%)","3 (580.3명, 34.1%)","1 (293.6명, 17.2%)","① 매우 불편하다
② 다소 불편하다
③ 별로 불편하지 않다
④ 전혀 불편하지 않다"
q10_3_6,"10. 귀하는 다음의 사람들과의 관계에 대해 어떻게 생각하십니까? 
-나 혹은 자녀의 결혼 상대가 되는 것 _6. 성소수자","1 (769.1명, 45.2%)","2 (504.6명, 29.6%)","3 (272.8명, 16.0%)","① 매우 불편하다
② 다소 불편하다
③ 별로 불편하지 않다
④ 전혀 불편하지 않다"
q10_3_7,"10. 귀하는 다음의 사람들과의 관계에 대해 어떻게 생각하십니까? 
_나 혹은 자녀의 결혼 상대가 되는 것 _7. 난민","2 (653.1명, 38.3%)","1 (486.3명, 28.5%)","3 (382.2명, 22.4%)","① 매우 불편하다
② 다소 불편하다
③ 별로 불편하지 않다
④ 전혀 불편하지 않다"
q11,11. 귀하께서 보시기에 수원시는 사회적 차별과 배제를 해소하기 위해 어느 정도 노력하고 있다고 생각하십니까?,"2 (1114.2명, 65.4%)","3 (323.8명, 19.0%)","1 (244.3명, 14.3%)","① 아주 많이 노력하는 편이다
② 어느 정도 노력하는 편이다
③ 별로 노력하지 않는 편이다
④ 전혀 노력하지 않는 편이다"
q12,12. 귀하께서 보시기에 수원시가 사회적 차별과 배제를 해소하고 함께 살아가는 포용사회를 만들기 위해 가장 우선해야 하는 일은 무엇이라고 생각하십니까?,"2 (505.0명, 29.6%)","4 (281.2명, 16.5%)","1 (228.8명, 13.4%)","① 공공시설 이용 차별이 없는 정책(예: 성소수자와 교감할 수 있는 생활문화시설 확충 등)
② 사회적 약자 및 소수자가 이용할 수 있는 기반 시설 확충(예: 장애인 시설 확충 )
③ 공공 일자리 차별이 없는 정책
④ 공공 일자리 선택에 차별 없는 채용 방식 (예: 단기근로자 채용, 아이돌봄지원 인력 채용 등)
⑤ 공공 정책에 다양한 시민들의 참여를 배제하지 않는 정책
⑥ 공공 정책 지원대상 범위 확대 
⑦ 국내 적응을 위한 지원 정책(예: 이주노동자, 난민 등)
⑧ 공공정책의 투명성과 책임성을 높이기 위한 정책
⑨ 기타 (            )"
q12_op,,"남녀갈등이 심한 사회가 되었습니다. 이를 해소할 수 있는 정책이 필요하다고 생각합니다. (6.6명, 48.9%)","똑같은 사람이라는 인식재고. 이런 식의 설문도 차별의 일종 같네요. (1.6명, 11.9%)","성소수자 인정하는 문화 반대해요. 남성.여성이지 중간은 자녀들에게 올바른성인식문화를 심어줄 수 있는 수원시가 되었으면 합니다. (1.0명, 7.4%)",
q13,13. 귀하는 ‘수원’에서 태어났습니까?,"2 (1393.4명, 81.8%)","1 (310.1명, 18.2%)",,"① 예
② 아니오"
q14,14. 귀하에게 ‘수원’은 어떤 의미를 주는 도시입니까?,"2 (770.0명, 46.2%)","3 (595.1명, 35.7%)","1 (223.7명, 13.4%)","① 태어나서 자란 도시			
② 태어나지 않았지만 고향이나 다름없는 도시
③ 마음을 붙이고 살만한 도시		
④ 기회가 있으면 떠나고 싶은 도시
⑤ 잠시 머무르는 도시			
⑥ 기타 (               )"
q14_op,,"타지역보다 재난(홍수)이 적은도시 (1.4명, 36.8%)","발전이 된다면 계속 살아볼 가치가 있는 도시 (0.6명, 15.8%)","직장 (0.6명, 15.8%)",
q15,15. 귀하는 ‘수원’ 하면 대표적으로 떠오르는 이미지가 있습니까?,"1 (1228.3명, 72.1%)","2 (475.1명, 27.9%)",,"① 있다
② 없다"
q15_op,,"화성 (104.6명, 8.6%)","수원화성 (82.7명, 6.8%)","수원 화성 (23.6명, 1.9%)",
q16_op,,"수원화성 (425.1명, 25.0%)","화성 (317.9명, 18.7%)","화성행궁 (227.8명, 13.4%)",
q17_1,"17. 귀하는 현재 ‘수원’이라는 도시를 어떻게 평가하십니까? 
_1. 역사와 전통이 있는 도시 ","4 (876.2명, 51.4%)","5 (658.1명, 38.6%)","3 (151.6명, 8.9%)","① 전혀 동의하지 않는다
② 동의하지 않는다
③ 보통이다
④ 동의한다
⑤ 매우 동의한다"
q17_10,"17. 귀하는 현재 ‘수원’이라는 도시를 어떻게 평가하십니까? 
_10. 녹지와 공원이 많은 도시","4 (803.5명, 47.2%)","3 (487.1명, 28.6%)","5 (335.5명, 19.7%)","① 전혀 동의하지 않는다
② 동의하지 않는다
③ 보통이다
④ 동의한다
⑤ 매우 동의한다"
q17_11,"17. 귀하는 현재 ‘수원’이라는 도시를 어떻게 평가하십니까? 
_11. 남녀 모두 행복한 도시","4 (712.9명, 41.8%)","3 (623.7명, 36.6%)","5 (209.5명, 12.3%)","① 전혀 동의하지 않는다
② 동의하지 않는다
③ 보통이다
④ 동의한다
⑤ 매우 동의한다"
q17_12,"17. 귀하는 현재 ‘수원’이라는 도시를 어떻게 평가하십니까? 
_12. 빈부격차가 없는 도시","3 (766.5명, 45.0%)","4 (434.5명, 25.5%)","2 (280.9명, 16.5%)","① 전혀 동의하지 않는다
② 동의하지 않는다
③ 보통이다
④ 동의한다
⑤ 매우 동의한다"
q17_2,"17. 귀하는 현재 ‘수원’이라는 도시를 어떻게 평가하십니까? 
_2. 인정과 여유가 넘치는 도시","4 (749.0명, 44.0%)","3 (517.0명, 30.3%)","5 (344.0명, 20.2%)","① 전혀 동의하지 않는다
② 동의하지 않는다
③ 보통이다
④ 동의한다
⑤ 매우 동의한다"
q17_3,"17. 귀하는 현재 ‘수원’이라는 도시를 어떻게 평가하십니까? 
_3. 자연경관이 아름다운 도시","4 (819.6명, 48.1%)","3 (455.3명, 26.7%)","5 (369.8명, 21.7%)","① 전혀 동의하지 않는다
② 동의하지 않는다
③ 보통이다
④ 동의한다
⑤ 매우 동의한다"
q17_4,"17. 귀하는 현재 ‘수원’이라는 도시를 어떻게 평가하십니까? 
_4. 기업하기 좋은 도시","4 (664.8명, 39.0%)","3 (662.2명, 38.9%)","5 (252.2명, 14.8%)","① 전혀 동의하지 않는다
② 동의하지 않는다
③ 보통이다
④ 동의한다
⑤ 매우 동의한다"
q17_5,"17. 귀하는 현재 ‘수원’이라는 도시를 어떻게 평가하십니까? 
_5. 교통이 편리한 도시","4 (764.0명, 44.8%)","3 (480.4명, 28.2%)","5 (254.5명, 14.9%)","① 전혀 동의하지 않는다
② 동의하지 않는다
③ 보통이다
④ 동의한다
⑤ 매우 동의한다"
q17_6,"17. 귀하는 현재 ‘수원’이라는 도시를 어떻게 평가하십니까? 
_6. 자연재난으로부터 안전한 도시","4 (771.7명, 45.3%)","3 (519.0명, 30.5%)","5 (283.5명, 16.6%)","① 전혀 동의하지 않는다
② 동의하지 않는다
③ 보통이다
④ 동의한다
⑤ 매우 동의한다"
q17_7,"17. 귀하는 현재 ‘수원’이라는 도시를 어떻게 평가하십니까? 
_7. 문화예술이 풍부한 도시","4 (851.1명, 50.0%)","3 (449.7명, 26.4%)","5 (321.8명, 18.9%)","① 전혀 동의하지 않는다
② 동의하지 않는다
③ 보통이다
④ 동의한다
⑤ 매우 동의한다"
q17_8,"17. 귀하는 현재 ‘수원’이라는 도시를 어떻게 평가하십니까? 
_8. 첨단 산업 도시","4 (711.7명, 41.8%)","3 (593.3명, 34.8%)","5 (235.3명, 13.8%)","① 전혀 동의하지 않는다
② 동의하지 않는다
③ 보통이다
④ 동의한다
⑤ 매우 동의한다"
q17_9,"17. 귀하는 현재 ‘수원’이라는 도시를 어떻게 평가하십니까? 
_9. 사회적 약자를 배려하는 도시","3 (753.8명, 44.3%)","4 (611.0명, 35.9%)","5 (180.2명, 10.6%)","① 전혀 동의하지 않는다
② 동의하지 않는다
③ 보통이다
④ 동의한다
⑤ 매우 동의한다"
q18_1,"18. 귀하는 2030년 수원이 어떠한 모습의 도시가 되기를 기대하십니까? 
(1순위)","1 (488.2명, 28.7%)","3 (395.2명, 23.2%)","2 (219.1명, 12.9%)","① 경제도시 			
② 교육도시
③ 문화도시			
④ 복지(돌봄)도시
⑤ 건강도시			
⑥ 안전도시
⑦ 환경도시			
⑧ 스마트도시
⑨ 스포츠도시		
⑩ 첨단교통도시
⑪ 관광도시			
⑫ 기타 (            )"
q18_1_op,,"문화도시 (0.7명, 58.3%)","일자리가 없어요 (0.3명, 25.0%)","공존하는 도시 (0.2명, 16.7%)",
q18_2,"18. 귀하는 2030년 수원이 어떠한 모습의 도시가 되기를 기대하십니까? 
(2순위)","7 (257.9명, 15.1%)","6 (223.6명, 13.1%)","3 (220.3명, 12.9%)","① 경제도시 			
② 교육도시
③ 문화도시			
④ 복지(돌봄)도시
⑤ 건강도시			
⑥ 안전도시
⑦ 환경도시			
⑧ 스마트도시
⑨ 스포츠도시		
⑩ 첨단교통도시
⑪ 관광도시			
⑫ 기타 (            )"
q19,19. 현재 귀댁의 생활형편은 1년 전에 비해 좋아졌습니까? 나빠졌습니까? 혹은 비슷합니까?,"3 (781.7명, 45.9%)","2 (411.4명, 24.2%)","4 (318.1명, 18.7%)","① 많이 좋아졌다
② 조금 좋아졌다
③ 비슷하다
④ 조금 나빠졌다
⑤ 많이 나빠졌다"
q2,2. 귀하는 수원시의 시책이나 시정 운영에 대해 평소 관심이 있으십니까?,"5 (597.7명, 35.1%)","6 (408.1명, 24.0%)","4 (357.0명, 21.0%)","① 전혀 관심이 없다
②
③
④ 보통이다
⑤
⑥
⑦ 매우 관심 있다"
q20,"20. 현재 귀댁의 생활형편은 1년 후에 현재 보다 좋아질 것 같습니까, 나빠질 것 같습니까, 혹은 비슷할 것 같습니까?","3 (820.5명, 48.2%)","2 (425.3명, 25.0%)","4 (285.5명, 16.8%)","① 많이 좋아질 것이다
② 조금 좋아질것이다
③ 비슷할 것이다
④ 조금 나빠질것이다
⑤ 많이 나빠질 것이다"
q20_1,20-1. 귀댁의 생활형편이 좋아질것으로 생각하시는 가장 큰 이유는 무엇입니까? ,"1 (164.2명, 31.4%)","2 (124.9명, 23.8%)","3 (77.4명, 14.8%)","① 임금 등의 가계 소득 증가
② 부동산, 주식 등 보유자산의 가치 상승
③ 은행대출, 현금서비스, 외상구매대금 등의 가계부채 감소
④ 물가 안정
⑤ 이직, 창업 등 수입구조 개선
⑥ 지출비용 감소 예정
⑦ 막연한 기대감
⑧ 기타 (                       )"
q20_1_op,,"하나님의 도우심 (4.2명, 72.4%)","투자 수익 증대 (1.3명, 22.4%)","이유 없음 (0.3명, 5.2%)",
q20_2,20-2. 귀댁의 생활형편이 나빠질것으로 생각하시는 가장 큰 이유는 무엇입니까? ,"4 (95.6명, 26.6%)","1 (69.0명, 19.2%)","3 (52.5명, 14.6%)","① 임금 등의 가계 소득 감소
② 부동산, 주식 등 보유자산의 가치 하락
③ 은행대출, 현금서비스, 외상구매대금 등의 가계부채 증가
④ 물가 상승
⑤ 퇴사, 폐업 등 수입구조 악화
⑥ 지출비용 증가 예정
⑦ 경기 불황
⑧ 기타 (                       )"
q20_2_op,,"정치불안정 (2.1명, 27.6%)","의료비 증가 (1.2명, 15.8%)","아파트대출. 자녀의장애 (0.9명, 11.8%)",
q21,"21. 일반 물가는 1년전보다 더 오를 것 같습니까, 덜 오를 것 같습니까, 혹은 비슷하게 오를 것 같습니까?","2 (679.8명, 39.9%)","3 (456.9명, 26.8%)","1 (429.0명, 25.2%)","① 1년 전보다 많이 오를 것이다
② 1년 전보다 조금 오를 것이다
③ 비슷하게 오를 것이다
④ 1년 전보다 조금 덜 오를 것이다
⑤ 1년 전보다 많이 덜 오를 것이다"
q22,"22. 현재 귀댁의 소비지출은 지난 1년 전에 비해 더 늘었습니까, 더 줄었습니까, 혹은 비슷합니까?","3 (623.7명, 36.6%)","2 (612.8명, 36.0%)","4 (230.9명, 13.6%)","① 많이 늘었다
② 조금 늘었다
③ 비슷하다
④ 조금 줄었다
⑤ 많이 줄었다 "
q23_1,"23. 귀하께서 생각하시는 내년도 수원시민의 경제이슈는 무엇이라고 생각하십니까? 생각하시는 순서대로 3가지를 선택해 주십시오. 
(1순위)","3 (527.7명, 31.0%)","1 (336.4명, 19.7%)","2 (320.1명, 18.8%)","① 실업 및 고용 악화			
② 소득 양극화
③ 체감 물가 상승			
④ 가계부채 증가
⑤ 부동산 경기 악화			
⑥ 자영업자 등 소상공인 문제
⑦ 소비심리 및 내수경기 침체		
⑧ 공공요금 인상
⑨ 기타(                  )"
q23_1_op,,"장애인콜택시 통합으로 이용이 어려워짐 . (0.9명, 100.0%)",,,
q23_2,"23. 귀하께서 생각하시는 내년도 수원시민의 경제이슈는 무엇이라고 생각하십니까? 생각하시는 순서대로 3가지를 선택해 주십시오. 
(2순위)","3 (338.5명, 19.9%)","4 (258.6명, 15.2%)","2 (257.7명, 15.1%)","① 실업 및 고용 악화			
② 소득 양극화
③ 체감 물가 상승			
④ 가계부채 증가
⑤ 부동산 경기 악화			
⑥ 자영업자 등 소상공인 문제
⑦ 소비심리 및 내수경기 침체		
⑧ 공공요금 인상
⑨ 기타(                  )"
q23_2_op,,"구아파트 신축 활성화ㅡ 건설비 관리 감독 및 재건축 사업 추자 (1.2명, 100.0%)",,,
q24_1,"24. 귀하께서는 다음의 경제 이슈가 올해 대비 내년에 얼마나 개선될 것이라 예상하십니까? 각 항목별로 예상되는 개선 정도를 말씀해 주시기 바랍니다. 
_1.청년실업 및 고용","4 (827.5명, 48.6%)","3 (529.9명, 31.1%)","2 (198.7명, 11.7%)","① 매우 개선될 것이다
② 약간 개선될 것이다
③ 그대로일 것이다
④ 다소 악화될 것이다
⑤ 매우 악화될 것이다"
q24_10,"24. 귀하께서는 다음의 경제 이슈가 올해 대비 내년에 얼마나 개선될 것이라 예상하십니까? 각 항목별로 예상되는 개선 정도를 말씀해 주시기 바랍니다. 
_10.주식시장","4 (720.7명, 42.3%)","3 (490.2명, 28.8%)","5 (242.3명, 14.2%)","① 매우 개선될 것이다
② 약간 개선될 것이다
③ 그대로일 것이다
④ 다소 악화될 것이다
⑤ 매우 악화될 것이다"
q24_2,"24. 귀하께서는 다음의 경제 이슈가 올해 대비 내년에 얼마나 개선될 것이라 예상하십니까? 각 항목별로 예상되는 개선 정도를 말씀해 주시기 바랍니다. 
_2.생활물가","4 (875.1명, 51.4%)","3 (401.9명, 23.6%)","5 (249.8명, 14.7%)","① 매우 개선될 것이다
② 약간 개선될 것이다
③ 그대로일 것이다
④ 다소 악화될 것이다
⑤ 매우 악화될 것이다"
q24_3,"24. 귀하께서는 다음의 경제 이슈가 올해 대비 내년에 얼마나 개선될 것이라 예상하십니까? 각 항목별로 예상되는 개선 정도를 말씀해 주시기 바랍니다. 
_3.소비심리 및 내수경기","4 (863.2명, 50.7%)","3 (409.2명, 24.0%)","5 (234.2명, 13.7%)","① 매우 개선될 것이다
② 약간 개선될 것이다
③ 그대로일 것이다
④ 다소 악화될 것이다
⑤ 매우 악화될 것이다"
q24_4,"24. 귀하께서는 다음의 경제 이슈가 올해 대비 내년에 얼마나 개선될 것이라 예상하십니까? 각 항목별로 예상되는 개선 정도를 말씀해 주시기 바랍니다. 
_4.자영업자 등 소상공인 문제","4 (779.7명, 45.8%)","3 (444.3명, 26.1%)","5 (289.5명, 17.0%)","① 매우 개선될 것이다
② 약간 개선될 것이다
③ 그대로일 것이다
④ 다소 악화될 것이다
⑤ 매우 악화될 것이다"
q24_5,"24. 귀하께서는 다음의 경제 이슈가 올해 대비 내년에 얼마나 개선될 것이라 예상하십니까? 각 항목별로 예상되는 개선 정도를 말씀해 주시기 바랍니다. 
_5.가계소득","4 (782.1명, 45.9%)","3 (505.1명, 29.7%)","2 (201.0명, 11.8%)","① 매우 개선될 것이다
② 약간 개선될 것이다
③ 그대로일 것이다
④ 다소 악화될 것이다
⑤ 매우 악화될 것이다"
q24_6,"24. 귀하께서는 다음의 경제 이슈가 올해 대비 내년에 얼마나 개선될 것이라 예상하십니까? 각 항목별로 예상되는 개선 정도를 말씀해 주시기 바랍니다. 
_6.소득양극화","4 (820.4명, 48.2%)","3 (416.4명, 24.4%)","5 (291.0명, 17.1%)","① 매우 개선될 것이다
② 약간 개선될 것이다
③ 그대로일 것이다
④ 다소 악화될 것이다
⑤ 매우 악화될 것이다"
q24_7,"24. 귀하께서는 다음의 경제 이슈가 올해 대비 내년에 얼마나 개선될 것이라 예상하십니까? 각 항목별로 예상되는 개선 정도를 말씀해 주시기 바랍니다. 
_7.가계부채","4 (875.8명, 51.4%)","3 (406.2명, 23.8%)","5 (225.2명, 13.2%)","① 매우 개선될 것이다
② 약간 개선될 것이다
③ 그대로일 것이다
④ 다소 악화될 것이다
⑤ 매우 악화될 것이다"
q24_8,"24. 귀하께서는 다음의 경제 이슈가 올해 대비 내년에 얼마나 개선될 것이라 예상하십니까? 각 항목별로 예상되는 개선 정도를 말씀해 주시기 바랍니다. 
_8.부동산 경기","4 (767.8명, 45.1%)","3 (472.5명, 27.7%)","5 (217.6명, 12.8%)","① 매우 개선될 것이다
② 약간 개선될 것이다
③ 그대로일 것이다
④ 다소 악화될 것이다
⑤ 매우 악화될 것이다"
q24_9,"24. 귀하께서는 다음의 경제 이슈가 올해 대비 내년에 얼마나 개선될 것이라 예상하십니까? 각 항목별로 예상되는 개선 정도를 말씀해 주시기 바랍니다. 
_9.저출산 및 고령화 문제","4 (698.9명, 41.0%)","5 (379.1명, 22.3%)","3 (348.6명, 20.5%)","① 매우 개선될 것이다
② 약간 개선될 것이다
③ 그대로일 것이다
④ 다소 악화될 것이다
⑤ 매우 악화될 것이다"
q3,3. 귀하는 수원시가 시민들을 위해 추진하고 있는 정책 전반에 대해 얼마나 만족하십니까? ,"5 (584.4명, 34.3%)","6 (416.3명, 24.4%)","4 (401.5명, 23.6%)","① 전혀 만족하지 못한다
②
③
④ 보통이다
⑤
⑥
⑦ 매우 만족한다"
q3_1_1,"3-1. 수원시 시정운영에 만족하시는 경우, 그 이유는 무엇입니까? 3가지를 중요한 순서대로 선택해 주십시오. (1순위)","2 (488.1명, 43.9%)","1 (246.6명, 22.2%)","3 (112.8명, 10.1%)","① 새롭고 과감한 시도, 참신한 정책·사업들이 많아서
② 시민과의 소통, 홍보를 잘 하는 것 같아서
③ 수원특례시 현안에 대한 이해가 깊은 것 같아서
④ 추진력 있고 강단 있게 일하는 것 같아서
⑤ 정부, 경기도, 타지자체와의 협력을 잘하는 것 같아서
⑥ 평소 태도나 행동 등에서 신뢰감이 느껴져서
⑦ 무언가 계획을 갖고 일하는 느낌이어서
⑧ 열심히 일하는 것 같아서
⑨ 잘 모르겠다"
q3_1_2,"3-1. 수원시 시정운영에 만족하시는 경우, 그 이유는 무엇입니까? 3가지를 중요한 순서대로 선택해 주십시오. (2순위)","2 (212.7명, 19.2%)","3 (196.1명, 17.7%)","4 (193.9명, 17.5%)","① 새롭고 과감한 시도, 참신한 정책·사업들이 많아서
② 시민과의 소통, 홍보를 잘 하는 것 같아서
③ 수원특례시 현안에 대한 이해가 깊은 것 같아서
④ 추진력 있고 강단 있게 일하는 것 같아서
⑤ 정부, 경기도, 타지자체와의 협력을 잘하는 것 같아서
⑥ 평소 태도나 행동 등에서 신뢰감이 느껴져서
⑦ 무언가 계획을 갖고 일하는 느낌이어서
⑧ 열심히 일하는 것 같아서
⑨ 잘 모르겠다"
q3_1_3,"3-1. 수원시 시정운영에 만족하시는 경우, 그 이유는 무엇입니까? 3가지를 중요한 순서대로 선택해 주십시오. (3순위)","7 (169.6명, 15.3%)","5 (167.5명, 15.1%)","3 (159.4명, 14.4%)","① 새롭고 과감한 시도, 참신한 정책·사업들이 많아서
② 시민과의 소통, 홍보를 잘 하는 것 같아서
③ 수원특례시 현안에 대한 이해가 깊은 것 같아서
④ 추진력 있고 강단 있게 일하는 것 같아서
⑤ 정부, 경기도, 타지자체와의 협력을 잘하는 것 같아서
⑥ 평소 태도나 행동 등에서 신뢰감이 느껴져서
⑦ 무언가 계획을 갖고 일하는 느낌이어서
⑧ 열심히 일하는 것 같아서
⑨ 잘 모르겠다"
q4,"4. 민선8기 이재준 시장 취임 당시 가졌던 기대감과 현재 수원시정의 성과를 비교할 때, 취임당시 기대감 대비 현재 성과는 어떻습니까?","2 (559.4명, 32.8%)","1 (503.7명, 29.6%)","3 (421.0명, 24.7%)","① 잘 할 것이라 기대했고, 기대한 만큼 대체로 잘 한다
② 별로 기대하지 않았는데, 기대 이상으로 잘 한다
③ 잘 할 것이라 기대했는데, 대체로 기대에 못 미친다
④ 별로 기대하지 않았고, 역시 잘 못한다
⑤ 잘 모르겠다"
q5_1,"5. 귀하는 다음과 같은 측면에서 수원시의 시정 운영을 어떻게 평가하십니까?
_1. 정책과정의 민주성","5 (540.7명, 31.7%)","4 (456.2명, 26.8%)","6 (426.1명, 25.0%)","① 매우 낮게 평가한다
②
③
④ 보통이다
⑤
⑥
⑦ 매우 높게 평가한다"
q5_2,"5. 귀하는 다음과 같은 측면에서 수원시의 시정 운영을 어떻게 평가하십니까?
_2. 정책의 이념적 지향","5 (515.9명, 30.3%)","4 (408.0명, 23.9%)","6 (407.2명, 23.9%)","① 매우 낮게 평가한다
②
③
④ 보통이다
⑤
⑥
⑦ 매우 높게 평가한다"
q5_3,"5. 귀하는 다음과 같은 측면에서 수원시의 시정 운영을 어떻게 평가하십니까?
_3. 정책목표의 달성도","5 (475.8명, 27.9%)","6 (449.4명, 26.4%)","4 (424.6명, 24.9%)","① 매우 낮게 평가한다
②
③
④ 보통이다
⑤
⑥
⑦ 매우 높게 평가한다"
q5_4,"5. 귀하는 다음과 같은 측면에서 수원시의 시정 운영을 어떻게 평가하십니까?
_4. 정책수혜집단의 만족도","5 (496.2명, 29.1%)","4 (470.4명, 27.6%)","6 (390.7명, 22.9%)","① 매우 낮게 평가한다
②
③
④ 보통이다
⑤
⑥
⑦ 매우 높게 평가한다"
q5_5,"5. 귀하는 다음과 같은 측면에서 수원시의 시정 운영을 어떻게 평가하십니까?
_5. 위기관리 대응","5 (543.2명, 31.9%)","6 (410.3명, 24.1%)","4 (407.4명, 23.9%)","① 매우 낮게 평가한다
②
③
④ 보통이다
⑤
⑥
⑦ 매우 높게 평가한다"
q6,6. 귀하는 수원시 의회의 의정활동 전반에 대해서 얼마나 만족하십니까? ,"5 (555.0명, 32.6%)","4 (404.2명, 23.7%)","6 (400.2명, 23.5%)","① 전혀 만족하지 못한다
②
③
④ 보통이다
⑤
⑥
⑦ 매우 만족한다"
q7,"7. 제12대 수원특례시의회 의정활동 시작 당시 가졌던 기대감과 현재 수원특례시의회의 성과를 비교할 때, 당시 기대감 대비 현재 성과는 어떻습니까?","2 (627.5명, 36.8%)","3 (446.4명, 26.2%)","1 (369.5명, 21.7%)","① 잘 할 것이라 기대했고, 기대한 만큼 대체로 잘 한다
② 별로 기대하지 않았는데, 기대 이상으로 잘 한다
③ 잘 할 것이라 기대했는데, 대체로 기대에 못 미친다
④ 별로 기대하지 않았고, 역시 잘 못한다
⑤ 잘 모르겠다 "
q8_1,8. 귀하는 다음 각 사람 또는 기관을 얼마나 신뢰하십니까? _1. 가족,"5 (886.4명, 52.0%)","4 (610.9명, 35.9%)","3 (179.6명, 10.5%)","① 전혀 신뢰하지 않는다
② 
③ 보통이다
④ 
⑤ 매우 신뢰한다"
q8_2,8. 귀하는 다음 각 사람 또는 기관을 얼마나 신뢰하십니까? _2. 친구,"4 (748.5명, 43.9%)","5 (518.8명, 30.5%)","3 (375.1명, 22.0%)","① 전혀 신뢰하지 않는다
② 
③ 보통이다
④ 
⑤ 매우 신뢰한다"
q8_3,8. 귀하는 다음 각 사람 또는 기관을 얼마나 신뢰하십니까? _3. 이웃,"3 (768.2명, 45.1%)","4 (543.2명, 31.9%)","2 (202.4명, 11.9%)","① 전혀 신뢰하지 않는다
② 
③ 보통이다
④ 
⑤ 매우 신뢰한다"
q8_4,8. 귀하는 다음 각 사람 또는 기관을 얼마나 신뢰하십니까? _4. 처음 만난사람,"3 (661.1명, 38.8%)","2 (487.5명, 28.6%)","4 (261.7명, 15.4%)","① 전혀 신뢰하지 않는다
② 
③ 보통이다
④ 
⑤ 매우 신뢰한다"
q8_5,8. 귀하는 다음 각 사람 또는 기관을 얼마나 신뢰하십니까? _5. 수원 거주 외국인,"3 (753.1명, 44.2%)","2 (387.0명, 22.7%)","4 (294.9명, 17.3%)","① 전혀 신뢰하지 않는다
② 
③ 보통이다
④ 
⑤ 매우 신뢰한다"
q8_6,"8. 귀하는 다음 각 사람 또는 기관을 얼마나 신뢰하십니까? _6. 공공기관(수원시, 구청 등)","4 (721.5명, 42.4%)","3 (676.0명, 39.7%)","5 (169.9명, 10.0%)","① 전혀 신뢰하지 않는다
② 
③ 보통이다
④ 
⑤ 매우 신뢰한다"
q9_1,"9. 귀하의 가족, 이웃, 친구 중에 다음과 같은 사람이 있습니까? _1. 외국인 노동자","2 (1217.8명, 71.5%)","1 (485.7명, 28.5%)",,"① 있다
② 없다"
q9_2,"9. 귀하의 가족, 이웃, 친구 중에 다음과 같은 사람이 있습니까? _2. 외국 이주민","2 (1190.6명, 69.9%)","1 (512.9명, 30.1%)",,"① 있다
② 없다"
q9_3,"9. 귀하의 가족, 이웃, 친구 중에 다음과 같은 사람이 있습니까? _3. 다문화 학생","2 (1209.9명, 71.0%)","1 (493.5명, 29.0%)",,"① 있다
② 없다"
q9_4,"9. 귀하의 가족, 이웃, 친구 중에 다음과 같은 사람이 있습니까? _4. 장애인","2 (936.6명, 55.0%)","1 (766.8명, 45.0%)",,"① 있다
② 없다"
q9_5,"9. 귀하의 가족, 이웃, 친구 중에 다음과 같은 사람이 있습니까? _5. 새터민(북한이탈주민)","2 (1547.0명, 90.8%)","1 (156.5명, 9.2%)",,"① 있다
② 없다"
q9_6,"9. 귀하의 가족, 이웃, 친구 중에 다음과 같은 사람이 있습니까? _6. 성소수자","2 (1571.6명, 92.3%)","1 (131.8명, 7.7%)",,"① 있다
② 없다"
q9_7,"9. 귀하의 가족, 이웃, 친구 중에 다음과 같은 사람이 있습니까? _7. 난민","2 (1669.3명, 98.0%)","1 (34.2명, 2.0%)",,"① 있다
② 없다"
