질문번호,질문내용,답변,응답 수
resi_y,거주기간(년),10.0,189
resi_y,거주기간(년),5.0,134
resi_y,거주기간(년),3.0,110
resi_y,거주기간(년),20.0,98
resi_y,거주기간(년),2.0,98
resi_y,거주기간(년),6.0,98
resi_y,거주기간(년),1.0,88
resi_y,거주기간(년),4.0,80
resi_y,거주기간(년),7.0,77
resi_y,거주기간(년),8.0,74
resi_y,거주기간(년),9.0,70
resi_y,거주기간(년),15.0,65
resi_y,거주기간(년),30.0,57
resi_y,거주기간(년),11.0,52
resi_y,거주기간(년),0.0,36
resi_y,거주기간(년),12.0,36
resi_y,거주기간(년),25.0,35
resi_y,거주기간(년),23.0,33
resi_y,거주기간(년),14.0,25
resi_y,거주기간(년),16.0,25
resi_y,거주기간(년),22.0,24
resi_y,거주기간(년),13.0,23
resi_y,거주기간(년),24.0,21
resi_y,거주기간(년),40.0,20
resi_y,거주기간(년),21.0,18
resi_y,거주기간(년),29.0,17
resi_y,거주기간(년),26.0,17
resi_y,거주기간(년),18.0,17
resi_y,거주기간(년),17.0,16
resi_y,거주기간(년),19.0,14
resi_y,거주기간(년),27.0,13
resi_y,거주기간(년),35.0,13
resi_y,거주기간(년),28.0,13
resi_y,거주기간(년),33.0,12
resi_y,거주기간(년),31.0,10
resi_y,거주기간(년),32.0,10
resi_y,거주기간(년),34.0,7
resi_y,거주기간(년),48.0,5
resi_y,거주기간(년),41.0,5
resi_y,거주기간(년),45.0,4
resi_y,거주기간(년),52.0,3
resi_y,거주기간(년),42.0,3
resi_y,거주기간(년),43.0,2
resi_y,거주기간(년),50.0,2
resi_y,거주기간(년),36.0,2
resi_y,거주기간(년),39.0,2
resi_y,거주기간(년),37.0,2
resi_y,거주기간(년),49.0,1
resi_y,거주기간(년),62.0,1
resi_y,거주기간(년),59.0,1
resi_y,거주기간(년),44.0,1
resi_y,거주기간(년),57.0,1
resi_y,거주기간(년),38.0,1
resi_m,거주기간(월),0.0,263
resi_m,거주기간(월),2.0,209
resi_m,거주기간(월),6.0,206
resi_m,거주기간(월),5.0,183
resi_m,거주기간(월),3.0,162
resi_m,거주기간(월),1.0,152
resi_m,거주기간(월),8.0,146
resi_m,거주기간(월),10.0,123
resi_m,거주기간(월),4.0,115
resi_m,거주기간(월),7.0,111
resi_m,거주기간(월),9.0,63
resi_m,거주기간(월),11.0,43
resi_m,거주기간(월),12.0,3
resi_m,거주기간(월),13.0,1
q1,1. 귀하는 수원시의 시책이나 시정 운영에 대해 어느 정도 알고 계십니까?,5.0,560
q1,1. 귀하는 수원시의 시책이나 시정 운영에 대해 어느 정도 알고 계십니까?,4.0,471
q1,1. 귀하는 수원시의 시책이나 시정 운영에 대해 어느 정도 알고 계십니까?,6.0,336
q1,1. 귀하는 수원시의 시책이나 시정 운영에 대해 어느 정도 알고 계십니까?,3.0,213
q1,1. 귀하는 수원시의 시책이나 시정 운영에 대해 어느 정도 알고 계십니까?,7.0,86
q1,1. 귀하는 수원시의 시책이나 시정 운영에 대해 어느 정도 알고 계십니까?,2.0,81
q1,1. 귀하는 수원시의 시책이나 시정 운영에 대해 어느 정도 알고 계십니까?,1.0,36
q2,2. 귀하는 수원시의 시책이나 시정 운영에 대해 평소 관심이 있으십니까?,5.0,613
q2,2. 귀하는 수원시의 시책이나 시정 운영에 대해 평소 관심이 있으십니까?,4.0,416
q2,2. 귀하는 수원시의 시책이나 시정 운영에 대해 평소 관심이 있으십니까?,6.0,404
q2,2. 귀하는 수원시의 시책이나 시정 운영에 대해 평소 관심이 있으십니까?,7.0,149
q2,2. 귀하는 수원시의 시책이나 시정 운영에 대해 평소 관심이 있으십니까?,3.0,145
q2,2. 귀하는 수원시의 시책이나 시정 운영에 대해 평소 관심이 있으십니까?,2.0,39
q2,2. 귀하는 수원시의 시책이나 시정 운영에 대해 평소 관심이 있으십니까?,1.0,17
q3,3. 귀하는 수원시가 시민들을 위해 추진하고 있는 정책 전반에 대해 얼마나 만족하십니까? ,5.0,600
q3,3. 귀하는 수원시가 시민들을 위해 추진하고 있는 정책 전반에 대해 얼마나 만족하십니까? ,4.0,523
q3,3. 귀하는 수원시가 시민들을 위해 추진하고 있는 정책 전반에 대해 얼마나 만족하십니까? ,6.0,348
q3,3. 귀하는 수원시가 시민들을 위해 추진하고 있는 정책 전반에 대해 얼마나 만족하십니까? ,3.0,161
q3,3. 귀하는 수원시가 시민들을 위해 추진하고 있는 정책 전반에 대해 얼마나 만족하십니까? ,7.0,96
q3,3. 귀하는 수원시가 시민들을 위해 추진하고 있는 정책 전반에 대해 얼마나 만족하십니까? ,2.0,44
q3,3. 귀하는 수원시가 시민들을 위해 추진하고 있는 정책 전반에 대해 얼마나 만족하십니까? ,1.0,11
q3_1_1,"3-1. 수원시 시정운영에 만족하시는 경우, 그 이유는 무엇입니까? 3가지를 중요한 순서대로 선택해 주십시오. 
(1순위)",2.0,382
q3_1_1,"3-1. 수원시 시정운영에 만족하시는 경우, 그 이유는 무엇입니까? 3가지를 중요한 순서대로 선택해 주십시오. 
(1순위)",1.0,254
q3_1_1,"3-1. 수원시 시정운영에 만족하시는 경우, 그 이유는 무엇입니까? 3가지를 중요한 순서대로 선택해 주십시오. 
(1순위)",3.0,146
q3_1_1,"3-1. 수원시 시정운영에 만족하시는 경우, 그 이유는 무엇입니까? 3가지를 중요한 순서대로 선택해 주십시오. 
(1순위)",4.0,61
q3_1_1,"3-1. 수원시 시정운영에 만족하시는 경우, 그 이유는 무엇입니까? 3가지를 중요한 순서대로 선택해 주십시오. 
(1순위)",5.0,58
q3_1_1,"3-1. 수원시 시정운영에 만족하시는 경우, 그 이유는 무엇입니까? 3가지를 중요한 순서대로 선택해 주십시오. 
(1순위)",7.0,48
q3_1_1,"3-1. 수원시 시정운영에 만족하시는 경우, 그 이유는 무엇입니까? 3가지를 중요한 순서대로 선택해 주십시오. 
(1순위)",8.0,25
q3_1_1,"3-1. 수원시 시정운영에 만족하시는 경우, 그 이유는 무엇입니까? 3가지를 중요한 순서대로 선택해 주십시오. 
(1순위)",6.0,19
q3_1_1,"3-1. 수원시 시정운영에 만족하시는 경우, 그 이유는 무엇입니까? 3가지를 중요한 순서대로 선택해 주십시오. 
(1순위)",9.0,13
q3_1_2,"3-1. 수원시 시정운영에 만족하시는 경우, 그 이유는 무엇입니까? 3가지를 중요한 순서대로 선택해 주십시오. 
(2순위)",4.0,186
q3_1_2,"3-1. 수원시 시정운영에 만족하시는 경우, 그 이유는 무엇입니까? 3가지를 중요한 순서대로 선택해 주십시오. 
(2순위)",2.0,179
q3_1_2,"3-1. 수원시 시정운영에 만족하시는 경우, 그 이유는 무엇입니까? 3가지를 중요한 순서대로 선택해 주십시오. 
(2순위)",3.0,179
q3_1_2,"3-1. 수원시 시정운영에 만족하시는 경우, 그 이유는 무엇입니까? 3가지를 중요한 순서대로 선택해 주십시오. 
(2순위)",5.0,136
q3_1_2,"3-1. 수원시 시정운영에 만족하시는 경우, 그 이유는 무엇입니까? 3가지를 중요한 순서대로 선택해 주십시오. 
(2순위)",7.0,107
q3_1_2,"3-1. 수원시 시정운영에 만족하시는 경우, 그 이유는 무엇입니까? 3가지를 중요한 순서대로 선택해 주십시오. 
(2순위)",1.0,99
q3_1_2,"3-1. 수원시 시정운영에 만족하시는 경우, 그 이유는 무엇입니까? 3가지를 중요한 순서대로 선택해 주십시오. 
(2순위)",6.0,72
q3_1_2,"3-1. 수원시 시정운영에 만족하시는 경우, 그 이유는 무엇입니까? 3가지를 중요한 순서대로 선택해 주십시오. 
(2순위)",8.0,46
q3_1_2,"3-1. 수원시 시정운영에 만족하시는 경우, 그 이유는 무엇입니까? 3가지를 중요한 순서대로 선택해 주십시오. 
(2순위)",9.0,2
q3_1_3,"3-1. 수원시 시정운영에 만족하시는 경우, 그 이유는 무엇입니까? 3가지를 중요한 순서대로 선택해 주십시오. 
(3순위)",4.0,154
q3_1_3,"3-1. 수원시 시정운영에 만족하시는 경우, 그 이유는 무엇입니까? 3가지를 중요한 순서대로 선택해 주십시오. 
(3순위)",5.0,150
q3_1_3,"3-1. 수원시 시정운영에 만족하시는 경우, 그 이유는 무엇입니까? 3가지를 중요한 순서대로 선택해 주십시오. 
(3순위)",7.0,149
q3_1_3,"3-1. 수원시 시정운영에 만족하시는 경우, 그 이유는 무엇입니까? 3가지를 중요한 순서대로 선택해 주십시오. 
(3순위)",3.0,124
q3_1_3,"3-1. 수원시 시정운영에 만족하시는 경우, 그 이유는 무엇입니까? 3가지를 중요한 순서대로 선택해 주십시오. 
(3순위)",8.0,120
q3_1_3,"3-1. 수원시 시정운영에 만족하시는 경우, 그 이유는 무엇입니까? 3가지를 중요한 순서대로 선택해 주십시오. 
(3순위)",6.0,107
q3_1_3,"3-1. 수원시 시정운영에 만족하시는 경우, 그 이유는 무엇입니까? 3가지를 중요한 순서대로 선택해 주십시오. 
(3순위)",2.0,90
q3_1_3,"3-1. 수원시 시정운영에 만족하시는 경우, 그 이유는 무엇입니까? 3가지를 중요한 순서대로 선택해 주십시오. 
(3순위)",1.0,86
q3_1_3,"3-1. 수원시 시정운영에 만족하시는 경우, 그 이유는 무엇입니까? 3가지를 중요한 순서대로 선택해 주십시오. 
(3순위)",9.0,26
q4,"4. 민선8기 이재준 시장 취임 당시 가졌던 기대감과 현재 수원시정의 성과를 비교할 때, 취임당시 기대감 대비 현재 성과는 어떻습니까?",2.0,541
q4,"4. 민선8기 이재준 시장 취임 당시 가졌던 기대감과 현재 수원시정의 성과를 비교할 때, 취임당시 기대감 대비 현재 성과는 어떻습니까?",1.0,443
q4,"4. 민선8기 이재준 시장 취임 당시 가졌던 기대감과 현재 수원시정의 성과를 비교할 때, 취임당시 기대감 대비 현재 성과는 어떻습니까?",3.0,403
q4,"4. 민선8기 이재준 시장 취임 당시 가졌던 기대감과 현재 수원시정의 성과를 비교할 때, 취임당시 기대감 대비 현재 성과는 어떻습니까?",5.0,272
q4,"4. 민선8기 이재준 시장 취임 당시 가졌던 기대감과 현재 수원시정의 성과를 비교할 때, 취임당시 기대감 대비 현재 성과는 어떻습니까?",4.0,122
q5_1,"5-1. 귀하는 다음과 같은 측면에서 수원시의 시정 운영을 어떻게 평가하십니까?
_1. 정책과정의 민주성",5.0,556
q5_1,"5-1. 귀하는 다음과 같은 측면에서 수원시의 시정 운영을 어떻게 평가하십니까?
_1. 정책과정의 민주성",4.0,465
q5_1,"5-1. 귀하는 다음과 같은 측면에서 수원시의 시정 운영을 어떻게 평가하십니까?
_1. 정책과정의 민주성",6.0,403
q5_1,"5-1. 귀하는 다음과 같은 측면에서 수원시의 시정 운영을 어떻게 평가하십니까?
_1. 정책과정의 민주성",3.0,183
q5_1,"5-1. 귀하는 다음과 같은 측면에서 수원시의 시정 운영을 어떻게 평가하십니까?
_1. 정책과정의 민주성",7.0,104
q5_1,"5-1. 귀하는 다음과 같은 측면에서 수원시의 시정 운영을 어떻게 평가하십니까?
_1. 정책과정의 민주성",2.0,53
q5_1,"5-1. 귀하는 다음과 같은 측면에서 수원시의 시정 운영을 어떻게 평가하십니까?
_1. 정책과정의 민주성",1.0,17
q5_2,"5-2. 귀하는 다음과 같은 측면에서 수원시의 시정 운영을 어떻게 평가하십니까?
_2. 정책의 이념적 지향",5.0,533
q5_2,"5-2. 귀하는 다음과 같은 측면에서 수원시의 시정 운영을 어떻게 평가하십니까?
_2. 정책의 이념적 지향",4.0,512
q5_2,"5-2. 귀하는 다음과 같은 측면에서 수원시의 시정 운영을 어떻게 평가하십니까?
_2. 정책의 이념적 지향",6.0,368
q5_2,"5-2. 귀하는 다음과 같은 측면에서 수원시의 시정 운영을 어떻게 평가하십니까?
_2. 정책의 이념적 지향",3.0,167
q5_2,"5-2. 귀하는 다음과 같은 측면에서 수원시의 시정 운영을 어떻게 평가하십니까?
_2. 정책의 이념적 지향",7.0,123
q5_2,"5-2. 귀하는 다음과 같은 측면에서 수원시의 시정 운영을 어떻게 평가하십니까?
_2. 정책의 이념적 지향",2.0,59
q5_2,"5-2. 귀하는 다음과 같은 측면에서 수원시의 시정 운영을 어떻게 평가하십니까?
_2. 정책의 이념적 지향",1.0,19
q5_3,"5-3. 귀하는 다음과 같은 측면에서 수원시의 시정 운영을 어떻게 평가하십니까?
_3. 정책목표의 달성도",5.0,534
q5_3,"5-3. 귀하는 다음과 같은 측면에서 수원시의 시정 운영을 어떻게 평가하십니까?
_3. 정책목표의 달성도",4.0,482
q5_3,"5-3. 귀하는 다음과 같은 측면에서 수원시의 시정 운영을 어떻게 평가하십니까?
_3. 정책목표의 달성도",6.0,386
q5_3,"5-3. 귀하는 다음과 같은 측면에서 수원시의 시정 운영을 어떻게 평가하십니까?
_3. 정책목표의 달성도",3.0,194
q5_3,"5-3. 귀하는 다음과 같은 측면에서 수원시의 시정 운영을 어떻게 평가하십니까?
_3. 정책목표의 달성도",7.0,125
q5_3,"5-3. 귀하는 다음과 같은 측면에서 수원시의 시정 운영을 어떻게 평가하십니까?
_3. 정책목표의 달성도",2.0,47
q5_3,"5-3. 귀하는 다음과 같은 측면에서 수원시의 시정 운영을 어떻게 평가하십니까?
_3. 정책목표의 달성도",1.0,13
q5_4,"5-4. 귀하는 다음과 같은 측면에서 수원시의 시정 운영을 어떻게 평가하십니까?
_4. 정책수혜집단의 만족도",4.0,521
q5_4,"5-4. 귀하는 다음과 같은 측면에서 수원시의 시정 운영을 어떻게 평가하십니까?
_4. 정책수혜집단의 만족도",5.0,506
q5_4,"5-4. 귀하는 다음과 같은 측면에서 수원시의 시정 운영을 어떻게 평가하십니까?
_4. 정책수혜집단의 만족도",6.0,368
q5_4,"5-4. 귀하는 다음과 같은 측면에서 수원시의 시정 운영을 어떻게 평가하십니까?
_4. 정책수혜집단의 만족도",3.0,175
q5_4,"5-4. 귀하는 다음과 같은 측면에서 수원시의 시정 운영을 어떻게 평가하십니까?
_4. 정책수혜집단의 만족도",7.0,133
q5_4,"5-4. 귀하는 다음과 같은 측면에서 수원시의 시정 운영을 어떻게 평가하십니까?
_4. 정책수혜집단의 만족도",2.0,63
q5_4,"5-4. 귀하는 다음과 같은 측면에서 수원시의 시정 운영을 어떻게 평가하십니까?
_4. 정책수혜집단의 만족도",1.0,15
q5_5,"5-5. 귀하는 다음과 같은 측면에서 수원시의 시정 운영을 어떻게 평가하십니까?
_5. 위기관리 대응",5.0,540
q5_5,"5-5. 귀하는 다음과 같은 측면에서 수원시의 시정 운영을 어떻게 평가하십니까?
_5. 위기관리 대응",4.0,474
q5_5,"5-5. 귀하는 다음과 같은 측면에서 수원시의 시정 운영을 어떻게 평가하십니까?
_5. 위기관리 대응",6.0,423
q5_5,"5-5. 귀하는 다음과 같은 측면에서 수원시의 시정 운영을 어떻게 평가하십니까?
_5. 위기관리 대응",3.0,157
q5_5,"5-5. 귀하는 다음과 같은 측면에서 수원시의 시정 운영을 어떻게 평가하십니까?
_5. 위기관리 대응",7.0,124
q5_5,"5-5. 귀하는 다음과 같은 측면에서 수원시의 시정 운영을 어떻게 평가하십니까?
_5. 위기관리 대응",2.0,50
q5_5,"5-5. 귀하는 다음과 같은 측면에서 수원시의 시정 운영을 어떻게 평가하십니까?
_5. 위기관리 대응",1.0,13
q6,6. 귀하는 앞으로 수원시가 어느 정책 분야를 우선적으로 추진해야 한다고 생각하십니까?,1.0,385
q6,6. 귀하는 앞으로 수원시가 어느 정책 분야를 우선적으로 추진해야 한다고 생각하십니까?,4.0,344
q6,6. 귀하는 앞으로 수원시가 어느 정책 분야를 우선적으로 추진해야 한다고 생각하십니까?,2.0,223
q6,6. 귀하는 앞으로 수원시가 어느 정책 분야를 우선적으로 추진해야 한다고 생각하십니까?,6.0,190
q6,6. 귀하는 앞으로 수원시가 어느 정책 분야를 우선적으로 추진해야 한다고 생각하십니까?,3.0,187
q6,6. 귀하는 앞으로 수원시가 어느 정책 분야를 우선적으로 추진해야 한다고 생각하십니까?,9.0,111
q6,6. 귀하는 앞으로 수원시가 어느 정책 분야를 우선적으로 추진해야 한다고 생각하십니까?,5.0,108
q6,6. 귀하는 앞으로 수원시가 어느 정책 분야를 우선적으로 추진해야 한다고 생각하십니까?,7.0,85
q6,6. 귀하는 앞으로 수원시가 어느 정책 분야를 우선적으로 추진해야 한다고 생각하십니까?,11.0,61
q6,6. 귀하는 앞으로 수원시가 어느 정책 분야를 우선적으로 추진해야 한다고 생각하십니까?,8.0,51
q6,6. 귀하는 앞으로 수원시가 어느 정책 분야를 우선적으로 추진해야 한다고 생각하십니까?,10.0,30
q6,6. 귀하는 앞으로 수원시가 어느 정책 분야를 우선적으로 추진해야 한다고 생각하십니까?,12.0,6
q6_op,6. (기타 오픈응답),쓰리기 매일수거,1
q6_op,6. (기타 오픈응답),청년,1
q6_op,6. (기타 오픈응답),무분별한 외국이 받아들이지 말기. 공원조성. 악취해결,1
q6_op,6. (기타 오픈응답),공용전동킥보드 규제,1
q7,7. 귀하는 수원시 의회의 의정활동 전반에 대해서 얼마나 만족하십니까? ,5.0,512
q7,7. 귀하는 수원시 의회의 의정활동 전반에 대해서 얼마나 만족하십니까? ,4.0,511
q7,7. 귀하는 수원시 의회의 의정활동 전반에 대해서 얼마나 만족하십니까? ,6.0,362
q7,7. 귀하는 수원시 의회의 의정활동 전반에 대해서 얼마나 만족하십니까? ,3.0,216
q7,7. 귀하는 수원시 의회의 의정활동 전반에 대해서 얼마나 만족하십니까? ,7.0,79
q7,7. 귀하는 수원시 의회의 의정활동 전반에 대해서 얼마나 만족하십니까? ,2.0,69
q7,7. 귀하는 수원시 의회의 의정활동 전반에 대해서 얼마나 만족하십니까? ,1.0,32
q8,"8. 제12대 수원특례시의회 의정활동 시작 당시 가졌던 기대감과 현재 수원특례시의회의 성과를 비교할 때, 당시 기대감 대비 현재 성과는 어떻습니까?",2.0,530
q8,"8. 제12대 수원특례시의회 의정활동 시작 당시 가졌던 기대감과 현재 수원특례시의회의 성과를 비교할 때, 당시 기대감 대비 현재 성과는 어떻습니까?",3.0,414
q8,"8. 제12대 수원특례시의회 의정활동 시작 당시 가졌던 기대감과 현재 수원특례시의회의 성과를 비교할 때, 당시 기대감 대비 현재 성과는 어떻습니까?",1.0,350
q8,"8. 제12대 수원특례시의회 의정활동 시작 당시 가졌던 기대감과 현재 수원특례시의회의 성과를 비교할 때, 당시 기대감 대비 현재 성과는 어떻습니까?",5.0,279
q8,"8. 제12대 수원특례시의회 의정활동 시작 당시 가졌던 기대감과 현재 수원특례시의회의 성과를 비교할 때, 당시 기대감 대비 현재 성과는 어떻습니까?",4.0,208
q9,9. 귀하는 올해 여름 휴가(7-8월)를 다녀오셨습니까? 혹은 계획이 있습니까?,3.0,468
q9,9. 귀하는 올해 여름 휴가(7-8월)를 다녀오셨습니까? 혹은 계획이 있습니까?,1.0,441
q9,9. 귀하는 올해 여름 휴가(7-8월)를 다녀오셨습니까? 혹은 계획이 있습니까?,2.0,384
q9,9. 귀하는 올해 여름 휴가(7-8월)를 다녀오셨습니까? 혹은 계획이 있습니까?,5.0,329
q9,9. 귀하는 올해 여름 휴가(7-8월)를 다녀오셨습니까? 혹은 계획이 있습니까?,4.0,159
q9_1,9-1. 귀하는 여름 휴가를 어디로 다녀오셨습니까? 혹은 다녀올 계획입니까?,1.0,746
q9_1,9-1. 귀하는 여름 휴가를 어디로 다녀오셨습니까? 혹은 다녀올 계획입니까?,2.0,150
q9_1,9-1. 귀하는 여름 휴가를 어디로 다녀오셨습니까? 혹은 다녀올 계획입니까?,3.0,47
q9_1,9-1. 귀하는 여름 휴가를 어디로 다녀오셨습니까? 혹은 다녀올 계획입니까?,4.0,41
q9_2,9-2. 귀하는 누구와 함께 여름 휴가를 다녀오셨습니까? 혹은 다녀올 계획입니까?,2.0,708
q9_2,9-2. 귀하는 누구와 함께 여름 휴가를 다녀오셨습니까? 혹은 다녀올 계획입니까?,3.0,125
q9_2,9-2. 귀하는 누구와 함께 여름 휴가를 다녀오셨습니까? 혹은 다녀올 계획입니까?,1.0,74
q9_2,9-2. 귀하는 누구와 함께 여름 휴가를 다녀오셨습니까? 혹은 다녀올 계획입니까?,4.0,70
q9_2,9-2. 귀하는 누구와 함께 여름 휴가를 다녀오셨습니까? 혹은 다녀올 계획입니까?,5.0,6
q9_2,9-2. 귀하는 누구와 함께 여름 휴가를 다녀오셨습니까? 혹은 다녀올 계획입니까?,6.0,1
q9_2_op,9-2. (기타 오픈응답),교회 봉사활동,1
q9_4,9-4. 여름 휴가 여행 (예상)지출액은 얼마입니까? ,50.0,220
q9_4,9-4. 여름 휴가 여행 (예상)지출액은 얼마입니까? ,100.0,163
q9_4,9-4. 여름 휴가 여행 (예상)지출액은 얼마입니까? ,30.0,152
q9_4,9-4. 여름 휴가 여행 (예상)지출액은 얼마입니까? ,20.0,56
q9_4,9-4. 여름 휴가 여행 (예상)지출액은 얼마입니까? ,40.0,52
q9_4,9-4. 여름 휴가 여행 (예상)지출액은 얼마입니까? ,60.0,48
q9_4,9-4. 여름 휴가 여행 (예상)지출액은 얼마입니까? ,200.0,44
q9_4,9-4. 여름 휴가 여행 (예상)지출액은 얼마입니까? ,70.0,35
q9_4,9-4. 여름 휴가 여행 (예상)지출액은 얼마입니까? ,80.0,34
q9_4,9-4. 여름 휴가 여행 (예상)지출액은 얼마입니까? ,150.0,27
q9_4,9-4. 여름 휴가 여행 (예상)지출액은 얼마입니까? ,300.0,24
q9_4,9-4. 여름 휴가 여행 (예상)지출액은 얼마입니까? ,120.0,14
q9_4,9-4. 여름 휴가 여행 (예상)지출액은 얼마입니까? ,400.0,12
q9_4,9-4. 여름 휴가 여행 (예상)지출액은 얼마입니까? ,25.0,12
q9_4,9-4. 여름 휴가 여행 (예상)지출액은 얼마입니까? ,500.0,11
q9_4,9-4. 여름 휴가 여행 (예상)지출액은 얼마입니까? ,250.0,10
q9_4,9-4. 여름 휴가 여행 (예상)지출액은 얼마입니까? ,10.0,9
q9_4,9-4. 여름 휴가 여행 (예상)지출액은 얼마입니까? ,35.0,9
q9_4,9-4. 여름 휴가 여행 (예상)지출액은 얼마입니까? ,90.0,6
q9_4,9-4. 여름 휴가 여행 (예상)지출액은 얼마입니까? ,15.0,5
q9_4,9-4. 여름 휴가 여행 (예상)지출액은 얼마입니까? ,1000.0,5
q9_4,9-4. 여름 휴가 여행 (예상)지출액은 얼마입니까? ,600.0,3
q9_4,9-4. 여름 휴가 여행 (예상)지출액은 얼마입니까? ,350.0,3
q9_4,9-4. 여름 휴가 여행 (예상)지출액은 얼마입니까? ,130.0,2
q9_4,9-4. 여름 휴가 여행 (예상)지출액은 얼마입니까? ,700.0,2
q9_4,9-4. 여름 휴가 여행 (예상)지출액은 얼마입니까? ,45.0,2
q9_4,9-4. 여름 휴가 여행 (예상)지출액은 얼마입니까? ,800.0,2
q9_4,9-4. 여름 휴가 여행 (예상)지출액은 얼마입니까? ,18.0,2
q9_4,9-4. 여름 휴가 여행 (예상)지출액은 얼마입니까? ,55.0,2
q9_4,9-4. 여름 휴가 여행 (예상)지출액은 얼마입니까? ,54.0,1
q9_4,9-4. 여름 휴가 여행 (예상)지출액은 얼마입니까? ,19.0,1
q9_4,9-4. 여름 휴가 여행 (예상)지출액은 얼마입니까? ,440.0,1
q9_4,9-4. 여름 휴가 여행 (예상)지출액은 얼마입니까? ,3.0,1
q9_4,9-4. 여름 휴가 여행 (예상)지출액은 얼마입니까? ,2.0,1
q9_4,9-4. 여름 휴가 여행 (예상)지출액은 얼마입니까? ,180.0,1
q9_4,9-4. 여름 휴가 여행 (예상)지출액은 얼마입니까? ,117.0,1
q9_4,9-4. 여름 휴가 여행 (예상)지출액은 얼마입니까? ,16.0,1
q9_4,9-4. 여름 휴가 여행 (예상)지출액은 얼마입니까? ,110.0,1
q9_4,9-4. 여름 휴가 여행 (예상)지출액은 얼마입니까? ,160.0,1
q9_4,9-4. 여름 휴가 여행 (예상)지출액은 얼마입니까? ,13.0,1
q9_4,9-4. 여름 휴가 여행 (예상)지출액은 얼마입니까? ,23.0,1
q9_4,9-4. 여름 휴가 여행 (예상)지출액은 얼마입니까? ,85.0,1
q9_4,9-4. 여름 휴가 여행 (예상)지출액은 얼마입니까? ,1200.0,1
q9_4,9-4. 여름 휴가 여행 (예상)지출액은 얼마입니까? ,140.0,1
q9_4,9-4. 여름 휴가 여행 (예상)지출액은 얼마입니까? ,41.0,1
q9_4,9-4. 여름 휴가 여행 (예상)지출액은 얼마입니까? ,29.0,1
q9_4,9-4. 여름 휴가 여행 (예상)지출액은 얼마입니까? ,26.0,1
q9_5,9-5. 국내 휴가여행/해외 휴가여행은 귀하에게 어떤 의미입니까? ,1.0,388
q9_5,9-5. 국내 휴가여행/해외 휴가여행은 귀하에게 어떤 의미입니까? ,3.0,262
q9_5,9-5. 국내 휴가여행/해외 휴가여행은 귀하에게 어떤 의미입니까? ,2.0,193
q9_5,9-5. 국내 휴가여행/해외 휴가여행은 귀하에게 어떤 의미입니까? ,4.0,79
q9_5,9-5. 국내 휴가여행/해외 휴가여행은 귀하에게 어떤 의미입니까? ,5.0,44
q9_5,9-5. 국내 휴가여행/해외 휴가여행은 귀하에게 어떤 의미입니까? ,6.0,10
q9_5,9-5. 국내 휴가여행/해외 휴가여행은 귀하에게 어떤 의미입니까? ,7.0,7
q9_5,9-5. 국내 휴가여행/해외 휴가여행은 귀하에게 어떤 의미입니까? ,8.0,1
q9_5_op,9-5. (기타 오픈응답),종교활동,1
q10,10. 올해 여름 휴가를 가지 못했거나 계획이 없는 이유는 무엇입니까?,1.0,325
q10,10. 올해 여름 휴가를 가지 못했거나 계획이 없는 이유는 무엇입니까?,3.0,158
q10,10. 올해 여름 휴가를 가지 못했거나 계획이 없는 이유는 무엇입니까?,9.0,86
q10,10. 올해 여름 휴가를 가지 못했거나 계획이 없는 이유는 무엇입니까?,6.0,50
q10,10. 올해 여름 휴가를 가지 못했거나 계획이 없는 이유는 무엇입니까?,4.0,50
q10,10. 올해 여름 휴가를 가지 못했거나 계획이 없는 이유는 무엇입니까?,2.0,46
q10,10. 올해 여름 휴가를 가지 못했거나 계획이 없는 이유는 무엇입니까?,7.0,37
q10,10. 올해 여름 휴가를 가지 못했거나 계획이 없는 이유는 무엇입니까?,5.0,21
q10,10. 올해 여름 휴가를 가지 못했거나 계획이 없는 이유는 무엇입니까?,8.0,13
q10,10. 올해 여름 휴가를 가지 못했거나 계획이 없는 이유는 무엇입니까?,10.0,11
q10_op,10. (기타 오픈응답),아이 방학이 짧고 애매함,1
q10_op,10. (기타 오픈응답),별로 안좋아항,1
q10_op,10. (기타 오픈응답),더워서,1
q10_op,10. (기타 오픈응답),아이가 아파서,1
q10_op,10. (기타 오픈응답),집에 있는 시간이 더 좋아서,1
q10_op,10. (기타 오픈응답),휴가 계획이 없어서,1
q10_op,10. (기타 오픈응답),너무 더움,1
q10_op,10. (기타 오픈응답),업무가 많아서,1
q11_1,"11. 귀하는 수원에서 ‘도심 속 휴가’를 즐긴다면 무엇을 하고 싶습니까? 우선순위에 따라 2순위까지 응답해 주십시오
(1순위)",1.0,434
q11_1,"11. 귀하는 수원에서 ‘도심 속 휴가’를 즐긴다면 무엇을 하고 싶습니까? 우선순위에 따라 2순위까지 응답해 주십시오
(1순위)",2.0,337
q11_1,"11. 귀하는 수원에서 ‘도심 속 휴가’를 즐긴다면 무엇을 하고 싶습니까? 우선순위에 따라 2순위까지 응답해 주십시오
(1순위)",4.0,303
q11_1,"11. 귀하는 수원에서 ‘도심 속 휴가’를 즐긴다면 무엇을 하고 싶습니까? 우선순위에 따라 2순위까지 응답해 주십시오
(1순위)",3.0,262
q11_1,"11. 귀하는 수원에서 ‘도심 속 휴가’를 즐긴다면 무엇을 하고 싶습니까? 우선순위에 따라 2순위까지 응답해 주십시오
(1순위)",8.0,135
q11_1,"11. 귀하는 수원에서 ‘도심 속 휴가’를 즐긴다면 무엇을 하고 싶습니까? 우선순위에 따라 2순위까지 응답해 주십시오
(1순위)",6.0,105
q11_1,"11. 귀하는 수원에서 ‘도심 속 휴가’를 즐긴다면 무엇을 하고 싶습니까? 우선순위에 따라 2순위까지 응답해 주십시오
(1순위)",5.0,72
q11_1,"11. 귀하는 수원에서 ‘도심 속 휴가’를 즐긴다면 무엇을 하고 싶습니까? 우선순위에 따라 2순위까지 응답해 주십시오
(1순위)",9.0,58
q11_1,"11. 귀하는 수원에서 ‘도심 속 휴가’를 즐긴다면 무엇을 하고 싶습니까? 우선순위에 따라 2순위까지 응답해 주십시오
(1순위)",11.0,34
q11_1,"11. 귀하는 수원에서 ‘도심 속 휴가’를 즐긴다면 무엇을 하고 싶습니까? 우선순위에 따라 2순위까지 응답해 주십시오
(1순위)",10.0,21
q11_1,"11. 귀하는 수원에서 ‘도심 속 휴가’를 즐긴다면 무엇을 하고 싶습니까? 우선순위에 따라 2순위까지 응답해 주십시오
(1순위)",7.0,13
q11_1,"11. 귀하는 수원에서 ‘도심 속 휴가’를 즐긴다면 무엇을 하고 싶습니까? 우선순위에 따라 2순위까지 응답해 주십시오
(1순위)",12.0,7
q11_2,"11. 귀하는 수원에서 ‘도심 속 휴가’를 즐긴다면 무엇을 하고 싶습니까? 우선순위에 따라 2순위까지 응답해 주십시오.
(2순위)",3.0,300
q11_2,"11. 귀하는 수원에서 ‘도심 속 휴가’를 즐긴다면 무엇을 하고 싶습니까? 우선순위에 따라 2순위까지 응답해 주십시오.
(2순위)",2.0,261
q11_2,"11. 귀하는 수원에서 ‘도심 속 휴가’를 즐긴다면 무엇을 하고 싶습니까? 우선순위에 따라 2순위까지 응답해 주십시오.
(2순위)",8.0,230
q11_2,"11. 귀하는 수원에서 ‘도심 속 휴가’를 즐긴다면 무엇을 하고 싶습니까? 우선순위에 따라 2순위까지 응답해 주십시오.
(2순위)",4.0,210
q11_2,"11. 귀하는 수원에서 ‘도심 속 휴가’를 즐긴다면 무엇을 하고 싶습니까? 우선순위에 따라 2순위까지 응답해 주십시오.
(2순위)",6.0,189
q11_2,"11. 귀하는 수원에서 ‘도심 속 휴가’를 즐긴다면 무엇을 하고 싶습니까? 우선순위에 따라 2순위까지 응답해 주십시오.
(2순위)",5.0,148
q11_2,"11. 귀하는 수원에서 ‘도심 속 휴가’를 즐긴다면 무엇을 하고 싶습니까? 우선순위에 따라 2순위까지 응답해 주십시오.
(2순위)",1.0,141
q11_2,"11. 귀하는 수원에서 ‘도심 속 휴가’를 즐긴다면 무엇을 하고 싶습니까? 우선순위에 따라 2순위까지 응답해 주십시오.
(2순위)",9.0,124
q11_2,"11. 귀하는 수원에서 ‘도심 속 휴가’를 즐긴다면 무엇을 하고 싶습니까? 우선순위에 따라 2순위까지 응답해 주십시오.
(2순위)",10.0,76
q11_2,"11. 귀하는 수원에서 ‘도심 속 휴가’를 즐긴다면 무엇을 하고 싶습니까? 우선순위에 따라 2순위까지 응답해 주십시오.
(2순위)",11.0,60
q11_2,"11. 귀하는 수원에서 ‘도심 속 휴가’를 즐긴다면 무엇을 하고 싶습니까? 우선순위에 따라 2순위까지 응답해 주십시오.
(2순위)",7.0,35
q11_2,"11. 귀하는 수원에서 ‘도심 속 휴가’를 즐긴다면 무엇을 하고 싶습니까? 우선순위에 따라 2순위까지 응답해 주십시오.
(2순위)",12.0,7
q12,"12. 올해 추석 경기는 지난해 추석에 비해 좋아질 것으로 예상하십니까, 나빠질 것으로 예상하십니까, 혹은 비슷할 것으로 예상하십니까?",3.0,558
q12,"12. 올해 추석 경기는 지난해 추석에 비해 좋아질 것으로 예상하십니까, 나빠질 것으로 예상하십니까, 혹은 비슷할 것으로 예상하십니까?",4.0,523
q12,"12. 올해 추석 경기는 지난해 추석에 비해 좋아질 것으로 예상하십니까, 나빠질 것으로 예상하십니까, 혹은 비슷할 것으로 예상하십니까?",5.0,325
q12,"12. 올해 추석 경기는 지난해 추석에 비해 좋아질 것으로 예상하십니까, 나빠질 것으로 예상하십니까, 혹은 비슷할 것으로 예상하십니까?",2.0,283
q12,"12. 올해 추석 경기는 지난해 추석에 비해 좋아질 것으로 예상하십니까, 나빠질 것으로 예상하십니까, 혹은 비슷할 것으로 예상하십니까?",1.0,91
q13,"13. 올해 추석 지출이 지난해 추석에 비해 늘어날 것이라고 보십니까, 줄어들 것이라고 보십니까, 혹은 비슷할 것으로 보십니까? ",2.0,844
q13,"13. 올해 추석 지출이 지난해 추석에 비해 늘어날 것이라고 보십니까, 줄어들 것이라고 보십니까, 혹은 비슷할 것으로 보십니까? ",1.0,645
q13,"13. 올해 추석 지출이 지난해 추석에 비해 늘어날 것이라고 보십니까, 줄어들 것이라고 보십니까, 혹은 비슷할 것으로 보십니까? ",3.0,290
q13_1,13-1. 추석 지출이 늘어난다면(혹은 줄어든다면) 구체적으로 늘어난(줄어든) 금액은 어느 정도로 보십니까?,2.0,348
q13_1,13-1. 추석 지출이 늘어난다면(혹은 줄어든다면) 구체적으로 늘어난(줄어든) 금액은 어느 정도로 보십니까?,3.0,271
q13_1,13-1. 추석 지출이 늘어난다면(혹은 줄어든다면) 구체적으로 늘어난(줄어든) 금액은 어느 정도로 보십니까?,4.0,131
q13_1,13-1. 추석 지출이 늘어난다면(혹은 줄어든다면) 구체적으로 늘어난(줄어든) 금액은 어느 정도로 보십니까?,1.0,97
q13_1,13-1. 추석 지출이 늘어난다면(혹은 줄어든다면) 구체적으로 늘어난(줄어든) 금액은 어느 정도로 보십니까?,6.0,48
q13_1,13-1. 추석 지출이 늘어난다면(혹은 줄어든다면) 구체적으로 늘어난(줄어든) 금액은 어느 정도로 보십니까?,5.0,40
q13_2,13-2. 귀댁의 올해 추석 지출액은 얼마로 예상하십니까? ,50.0,236
q13_2,13-2. 귀댁의 올해 추석 지출액은 얼마로 예상하십니까? ,30.0,157
q13_2,13-2. 귀댁의 올해 추석 지출액은 얼마로 예상하십니까? ,100.0,114
q13_2,13-2. 귀댁의 올해 추석 지출액은 얼마로 예상하십니까? ,40.0,100
q13_2,13-2. 귀댁의 올해 추석 지출액은 얼마로 예상하십니까? ,20.0,60
q13_2,13-2. 귀댁의 올해 추석 지출액은 얼마로 예상하십니까? ,60.0,54
q13_2,13-2. 귀댁의 올해 추석 지출액은 얼마로 예상하십니까? ,70.0,46
q13_2,13-2. 귀댁의 올해 추석 지출액은 얼마로 예상하십니까? ,150.0,27
q13_2,13-2. 귀댁의 올해 추석 지출액은 얼마로 예상하십니까? ,80.0,26
q13_2,13-2. 귀댁의 올해 추석 지출액은 얼마로 예상하십니까? ,35.0,15
q13_2,13-2. 귀댁의 올해 추석 지출액은 얼마로 예상하십니까? ,10.0,14
q13_2,13-2. 귀댁의 올해 추석 지출액은 얼마로 예상하십니까? ,200.0,13
q13_2,13-2. 귀댁의 올해 추석 지출액은 얼마로 예상하십니까? ,45.0,11
q13_2,13-2. 귀댁의 올해 추석 지출액은 얼마로 예상하십니까? ,120.0,10
q13_2,13-2. 귀댁의 올해 추석 지출액은 얼마로 예상하십니까? ,25.0,10
q13_2,13-2. 귀댁의 올해 추석 지출액은 얼마로 예상하십니까? ,15.0,7
q13_2,13-2. 귀댁의 올해 추석 지출액은 얼마로 예상하십니까? ,55.0,6
q13_2,13-2. 귀댁의 올해 추석 지출액은 얼마로 예상하십니까? ,0.0,5
q13_2,13-2. 귀댁의 올해 추석 지출액은 얼마로 예상하십니까? ,130.0,3
q13_2,13-2. 귀댁의 올해 추석 지출액은 얼마로 예상하십니까? ,90.0,3
q13_2,13-2. 귀댁의 올해 추석 지출액은 얼마로 예상하십니까? ,65.0,2
q13_2,13-2. 귀댁의 올해 추석 지출액은 얼마로 예상하십니까? ,8.0,1
q13_2,13-2. 귀댁의 올해 추석 지출액은 얼마로 예상하십니까? ,34.0,1
q13_2,13-2. 귀댁의 올해 추석 지출액은 얼마로 예상하십니까? ,350.0,1
q13_2,13-2. 귀댁의 올해 추석 지출액은 얼마로 예상하십니까? ,125.0,1
q13_2,13-2. 귀댁의 올해 추석 지출액은 얼마로 예상하십니까? ,59.0,1
q13_2,13-2. 귀댁의 올해 추석 지출액은 얼마로 예상하십니까? ,110.0,1
q13_2,13-2. 귀댁의 올해 추석 지출액은 얼마로 예상하십니까? ,37.0,1
q13_2,13-2. 귀댁의 올해 추석 지출액은 얼마로 예상하십니까? ,13.0,1
q13_2,13-2. 귀댁의 올해 추석 지출액은 얼마로 예상하십니까? ,47.0,1
q13_2,13-2. 귀댁의 올해 추석 지출액은 얼마로 예상하십니까? ,1.0,1
q13_2,13-2. 귀댁의 올해 추석 지출액은 얼마로 예상하십니까? ,39.0,1
q13_2,13-2. 귀댁의 올해 추석 지출액은 얼마로 예상하십니까? ,66.0,1
q13_2,13-2. 귀댁의 올해 추석 지출액은 얼마로 예상하십니까? ,75.0,1
q13_2,13-2. 귀댁의 올해 추석 지출액은 얼마로 예상하십니까? ,5.0,1
q14,14. 귀댁에서는 추석 준비 시 어떤 비용이 가장 부담이 되십니까?,3.0,808
q14,14. 귀댁에서는 추석 준비 시 어떤 비용이 가장 부담이 되십니까?,2.0,549
q14,14. 귀댁에서는 추석 준비 시 어떤 비용이 가장 부담이 되십니까?,1.0,334
q14,14. 귀댁에서는 추석 준비 시 어떤 비용이 가장 부담이 되십니까?,4.0,75
q14,14. 귀댁에서는 추석 준비 시 어떤 비용이 가장 부담이 되십니까?,5.0,13
q14_op,14. (기타 오픈응답),없음,2
q14_op,14. (기타 오픈응답),여행비용,1
q14_op,14. (기타 오픈응답),온가족여행비,1
q14_op,14. (기타 오픈응답),가족 외식비,1
q14_op,14. (기타 오픈응답),부담 없음,1
q14_op,14. (기타 오픈응답),손님상차림비,1
q14_op,14. (기타 오픈응답),식사비,1
q14_op,14. (기타 오픈응답),외식비,1
q15,15. 귀댁에서는 추석 상차림 재료를 주로 어디에서 구입하십니까? 구입 금액이 가장 큰 순으로 하나만 선택해 주십시오.,2.0,983
q15,15. 귀댁에서는 추석 상차림 재료를 주로 어디에서 구입하십니까? 구입 금액이 가장 큰 순으로 하나만 선택해 주십시오.,1.0,347
q15,15. 귀댁에서는 추석 상차림 재료를 주로 어디에서 구입하십니까? 구입 금액이 가장 큰 순으로 하나만 선택해 주십시오.,5.0,175
q15,15. 귀댁에서는 추석 상차림 재료를 주로 어디에서 구입하십니까? 구입 금액이 가장 큰 순으로 하나만 선택해 주십시오.,4.0,153
q15,15. 귀댁에서는 추석 상차림 재료를 주로 어디에서 구입하십니까? 구입 금액이 가장 큰 순으로 하나만 선택해 주십시오.,3.0,90
q15,15. 귀댁에서는 추석 상차림 재료를 주로 어디에서 구입하십니까? 구입 금액이 가장 큰 순으로 하나만 선택해 주십시오.,8.0,14
q15,15. 귀댁에서는 추석 상차림 재료를 주로 어디에서 구입하십니까? 구입 금액이 가장 큰 순으로 하나만 선택해 주십시오.,7.0,10
q15,15. 귀댁에서는 추석 상차림 재료를 주로 어디에서 구입하십니까? 구입 금액이 가장 큰 순으로 하나만 선택해 주십시오.,6.0,7
q15_op,15. (기타 오픈응답),안함,4
q15_op,15. (기타 오픈응답),직접 장을 보지 않음,1
q15_op,15. (기타 오픈응답),추석 제사 없음,1
q15_op,15. (기타 오픈응답),안차림,1
q15_op,15. (기타 오픈응답),시장과 마트 모두,1
q15_op,15. (기타 오픈응답),상차림안함,1
q15_op,15. (기타 오픈응답),쿠팡,1
q15_op,15. (기타 오픈응답),골목상권,1
q16,16. 귀댁에서는 올해 추석에 어떤 계획을 가지고 계십니까? ,1.0,972
q16,16. 귀댁에서는 올해 추석에 어떤 계획을 가지고 계십니까? ,2.0,463
q16,16. 귀댁에서는 올해 추석에 어떤 계획을 가지고 계십니까? ,5.0,148
q16,16. 귀댁에서는 올해 추석에 어떤 계획을 가지고 계십니까? ,4.0,113
q16,16. 귀댁에서는 올해 추석에 어떤 계획을 가지고 계십니까? ,3.0,75
q16,16. 귀댁에서는 올해 추석에 어떤 계획을 가지고 계십니까? ,6.0,8
q16_op,16. (기타 오픈응답),근무,2
q16_op,16. (기타 오픈응답),외식,1
q16_op,16. (기타 오픈응답),계획 없음,1
q16_op,16. (기타 오픈응답),하루 휴무라 집에서 지낼계획,1
q17,17. 수원시에서 추석 민생안정을 위해 가장 역점을 두어야 할 과제는 무엇이라고 생각하십니까?,1.0,1040
q17,17. 수원시에서 추석 민생안정을 위해 가장 역점을 두어야 할 과제는 무엇이라고 생각하십니까?,2.0,332
q17,17. 수원시에서 추석 민생안정을 위해 가장 역점을 두어야 할 과제는 무엇이라고 생각하십니까?,3.0,228
q17,17. 수원시에서 추석 민생안정을 위해 가장 역점을 두어야 할 과제는 무엇이라고 생각하십니까?,4.0,128
q17,17. 수원시에서 추석 민생안정을 위해 가장 역점을 두어야 할 과제는 무엇이라고 생각하십니까?,5.0,49
q17,17. 수원시에서 추석 민생안정을 위해 가장 역점을 두어야 할 과제는 무엇이라고 생각하십니까?,6.0,2
q17_op,17. (기타 오픈응답),서비스업의 추석가족방문을 위한 쇼핑몰 대형마트등 전체 휴점 하루보장,1
q18,18. 귀하는 수원시민의 경제활동과 일상생활의 개선을 위해 민생규제 혁신이 필요하다고 생각하십니까?,1.0,721
q18,18. 귀하는 수원시민의 경제활동과 일상생활의 개선을 위해 민생규제 혁신이 필요하다고 생각하십니까?,2.0,690
q18,18. 귀하는 수원시민의 경제활동과 일상생활의 개선을 위해 민생규제 혁신이 필요하다고 생각하십니까?,3.0,302
q18,18. 귀하는 수원시민의 경제활동과 일상생활의 개선을 위해 민생규제 혁신이 필요하다고 생각하십니까?,4.0,58
q18,18. 귀하는 수원시민의 경제활동과 일상생활의 개선을 위해 민생규제 혁신이 필요하다고 생각하십니까?,5.0,8
q19,19. 귀하는 민생규제 혁신이 내 삶에 얼마나 도움이 될 것이라고 생각하십니까?,2.0,744
q19,19. 귀하는 민생규제 혁신이 내 삶에 얼마나 도움이 될 것이라고 생각하십니까?,1.0,574
q19,19. 귀하는 민생규제 혁신이 내 삶에 얼마나 도움이 될 것이라고 생각하십니까?,3.0,365
q19,19. 귀하는 민생규제 혁신이 내 삶에 얼마나 도움이 될 것이라고 생각하십니까?,4.0,87
q19,19. 귀하는 민생규제 혁신이 내 삶에 얼마나 도움이 될 것이라고 생각하십니까?,5.0,9
q20,20. 귀하는 수원시민의 삶에 가장 중요한 영향을 미칠 것으로 생각하는 민생규제혁신 분야는 무엇이라고 생각하십니까?,3.0,522
q20,20. 귀하는 수원시민의 삶에 가장 중요한 영향을 미칠 것으로 생각하는 민생규제혁신 분야는 무엇이라고 생각하십니까?,5.0,412
q20,20. 귀하는 수원시민의 삶에 가장 중요한 영향을 미칠 것으로 생각하는 민생규제혁신 분야는 무엇이라고 생각하십니까?,2.0,294
q20,20. 귀하는 수원시민의 삶에 가장 중요한 영향을 미칠 것으로 생각하는 민생규제혁신 분야는 무엇이라고 생각하십니까?,1.0,228
q20,20. 귀하는 수원시민의 삶에 가장 중요한 영향을 미칠 것으로 생각하는 민생규제혁신 분야는 무엇이라고 생각하십니까?,6.0,196
q20,20. 귀하는 수원시민의 삶에 가장 중요한 영향을 미칠 것으로 생각하는 민생규제혁신 분야는 무엇이라고 생각하십니까?,4.0,127
q21_op,"21. 귀하는 수원시의 어떠한 민생 규제가 해소되었으면 좋겠다고 생각하십니까?
(오픈 응답)",.,12
q21_op,"21. 귀하는 수원시의 어떠한 민생 규제가 해소되었으면 좋겠다고 생각하십니까?
(오픈 응답)",없음,9
q21_op,"21. 귀하는 수원시의 어떠한 민생 규제가 해소되었으면 좋겠다고 생각하십니까?
(오픈 응답)",교통,6
q21_op,"21. 귀하는 수원시의 어떠한 민생 규제가 해소되었으면 좋겠다고 생각하십니까?
(오픈 응답)",물가안정,6
q21_op,"21. 귀하는 수원시의 어떠한 민생 규제가 해소되었으면 좋겠다고 생각하십니까?
(오픈 응답)",물가 안정,3
q21_op,"21. 귀하는 수원시의 어떠한 민생 규제가 해소되었으면 좋겠다고 생각하십니까?
(오픈 응답)",일자리,3
q21_op,"21. 귀하는 수원시의 어떠한 민생 규제가 해소되었으면 좋겠다고 생각하십니까?
(오픈 응답)",교통체증 해소,2
q21_op,"21. 귀하는 수원시의 어떠한 민생 규제가 해소되었으면 좋겠다고 생각하십니까?
(오픈 응답)",네,2
q21_op,"21. 귀하는 수원시의 어떠한 민생 규제가 해소되었으면 좋겠다고 생각하십니까?
(오픈 응답)",소각장 이전,2
q21_op,"21. 귀하는 수원시의 어떠한 민생 규제가 해소되었으면 좋겠다고 생각하십니까?
(오픈 응답)",주거안정,2
q21_op,"21. 귀하는 수원시의 어떠한 민생 규제가 해소되었으면 좋겠다고 생각하십니까?
(오픈 응답)",노인복지,2
q21_op,"21. 귀하는 수원시의 어떠한 민생 규제가 해소되었으면 좋겠다고 생각하십니까?
(오픈 응답)",필요한 자들에게 정확하게 복지혜택이 돌아가도록 사회복지업무를 신속히 처리할 필요성이 큼.,1
q21_op,"21. 귀하는 수원시의 어떠한 민생 규제가 해소되었으면 좋겠다고 생각하십니까?
(오픈 응답)",물가인상,1
q21_op,"21. 귀하는 수원시의 어떠한 민생 규제가 해소되었으면 좋겠다고 생각하십니까?
(오픈 응답)",도로 소음. 오토바이,1
q21_op,"21. 귀하는 수원시의 어떠한 민생 규제가 해소되었으면 좋겠다고 생각하십니까?
(오픈 응답)",집단주거시설 개선,1
q21_op,"21. 귀하는 수원시의 어떠한 민생 규제가 해소되었으면 좋겠다고 생각하십니까?
(오픈 응답)",공정한행정,1
q21_op,"21. 귀하는 수원시의 어떠한 민생 규제가 해소되었으면 좋겠다고 생각하십니까?
(오픈 응답)",취약계층과 노령층을 위한 임대주택 공급을 늘려주시길~~,1
q21_op,"21. 귀하는 수원시의 어떠한 민생 규제가 해소되었으면 좋겠다고 생각하십니까?
(오픈 응답)",경제교통문제,1
q21_op,"21. 귀하는 수원시의 어떠한 민생 규제가 해소되었으면 좋겠다고 생각하십니까?
(오픈 응답)",전기 퀵보드 자전거 없애라,1
q21_op,"21. 귀하는 수원시의 어떠한 민생 규제가 해소되었으면 좋겠다고 생각하십니까?
(오픈 응답)",지역간 개발 불균형 해소,1
q21_op,"21. 귀하는 수원시의 어떠한 민생 규제가 해소되었으면 좋겠다고 생각하십니까?
(오픈 응답)",ㅜㅜㅡ 4,1
q21_op,"21. 귀하는 수원시의 어떠한 민생 규제가 해소되었으면 좋겠다고 생각하십니까?
(오픈 응답)",시내교통문제,1
q21_op,"21. 귀하는 수원시의 어떠한 민생 규제가 해소되었으면 좋겠다고 생각하십니까?
(오픈 응답)","시,구,동에서 발주하는 용역, 공사 등을 관내 업체에게 인센티브를 대폭 확대하여 시 재정이 타 지역으로 유출되는것을 최소화해야함.",1
q21_op,"21. 귀하는 수원시의 어떠한 민생 규제가 해소되었으면 좋겠다고 생각하십니까?
(오픈 응답)",다자녀 가구에 대한 지원 확대,1
q21_op,"21. 귀하는 수원시의 어떠한 민생 규제가 해소되었으면 좋겠다고 생각하십니까?
(오픈 응답)",주거 안정,1
q21_op,"21. 귀하는 수원시의 어떠한 민생 규제가 해소되었으면 좋겠다고 생각하십니까?
(오픈 응답)",중년 취업 지원,1
q21_op,"21. 귀하는 수원시의 어떠한 민생 규제가 해소되었으면 좋겠다고 생각하십니까?
(오픈 응답)","육아 관련 정책 좀 시행해주세요. 예산을 이유로 경기도 육아사업 중 수원시만 빠진 것들이 너무 많습니다. (첫째아 출산지원금 0원, 경기도 맘튼튼 축산물 꾸러미 지원사업 미시행, 경기형 가족돌봄수당 미시행, 2024년 둘째 아이 돌보미 지원사업 미시행) 경기도에서 대대적으로 홍보하면 뭐합니까? 수원시에는 예산을 이유로 다 빠져버리는데.",1
q21_op,"21. 귀하는 수원시의 어떠한 민생 규제가 해소되었으면 좋겠다고 생각하십니까?
(오픈 응답)",대중교통이 좋지 않습니다. 광교내에서 연결되는 버스편도 없으며 수원시내로의 연결이 서울가는 것보다 더 힘듭니다.,1
q21_op,"21. 귀하는 수원시의 어떠한 민생 규제가 해소되었으면 좋겠다고 생각하십니까?
(오픈 응답)","주차장이 협소하고, 공공주차장도 별로 없는 도시에 단속만이 우선이 아닌거 같습니다. 충분한 주차장을 확보하고 이를 이용하지 않는차량에 단속은 이해하지만, 번화가에는 차를 주차하고 싶어도 주차장이 없는건 문제인듯...",1
q21_op,"21. 귀하는 수원시의 어떠한 민생 규제가 해소되었으면 좋겠다고 생각하십니까?
(오픈 응답)",외국인에대한한국문화교육지원더불어살수이는환경조성,1
q21_op,"21. 귀하는 수원시의 어떠한 민생 규제가 해소되었으면 좋겠다고 생각하십니까?
(오픈 응답)",기초 및 차상위 계충에 편중된 복지,1
q21_op,"21. 귀하는 수원시의 어떠한 민생 규제가 해소되었으면 좋겠다고 생각하십니까?
(오픈 응답)",주차난 해소,1
q21_op,"21. 귀하는 수원시의 어떠한 민생 규제가 해소되었으면 좋겠다고 생각하십니까?
(오픈 응답)",조두순 퇴치,1
q21_op,"21. 귀하는 수원시의 어떠한 민생 규제가 해소되었으면 좋겠다고 생각하십니까?
(오픈 응답)",지역균형발전,1
q21_op,"21. 귀하는 수원시의 어떠한 민생 규제가 해소되었으면 좋겠다고 생각하십니까?
(오픈 응답)",스쿨존 속도가 24시간이 아닌 학생들 이동을 고려해서 8~18시로 좆닝되었으면 좋겠습니다,1
q21_op,"21. 귀하는 수원시의 어떠한 민생 규제가 해소되었으면 좋겠다고 생각하십니까?
(오픈 응답)",행정관련 업무 분야 처리 과정,1
q21_op,"21. 귀하는 수원시의 어떠한 민생 규제가 해소되었으면 좋겠다고 생각하십니까?
(오픈 응답)",재건축 활성화,1
q21_op,"21. 귀하는 수원시의 어떠한 민생 규제가 해소되었으면 좋겠다고 생각하십니까?
(오픈 응답)",복지 더 다양하게,1
q21_op,"21. 귀하는 수원시의 어떠한 민생 규제가 해소되었으면 좋겠다고 생각하십니까?
(오픈 응답)",트램,1
q21_op,"21. 귀하는 수원시의 어떠한 민생 규제가 해소되었으면 좋겠다고 생각하십니까?
(오픈 응답)",공용전동킥보드 규제좀 하세요 인도 한가운데 주차해서 길거리 걸어가기도 힘듭니다 견인조치할수 있는 신고어플좀 개발하세요,1
q21_op,"21. 귀하는 수원시의 어떠한 민생 규제가 해소되었으면 좋겠다고 생각하십니까?
(오픈 응답)",1.교통 불편 근거리지만 환승해서 돌아가야 하고 2.가까운 인근의 학교로 진학 불가. 학군조정 불만. 중학교 증설 필요. 아파트는 몇 천세대가 들어오는데 인근에 수용가능한 중학교가 없고 교육청 시의원 등 아무 대책들이 없어요. .인구유입으로 인한 후속대책 미비 버스정류장 증설. 교통편 신설되었으면 좋겠어요. 낮시간에 20분 넘게 버스 한대 오지 않음. 배차시간 길고 교통편 부족,1
q21_op,"21. 귀하는 수원시의 어떠한 민생 규제가 해소되었으면 좋겠다고 생각하십니까?
(오픈 응답)",불합리한(중복되는) 세금 정책,1
q21_op,"21. 귀하는 수원시의 어떠한 민생 규제가 해소되었으면 좋겠다고 생각하십니까?
(오픈 응답)",옥상 건물,1
q21_op,"21. 귀하는 수원시의 어떠한 민생 규제가 해소되었으면 좋겠다고 생각하십니까?
(오픈 응답)",교통.안전,1
q21_op,"21. 귀하는 수원시의 어떠한 민생 규제가 해소되었으면 좋겠다고 생각하십니까?
(오픈 응답)",출퇴근 교통편의,1
q21_op,"21. 귀하는 수원시의 어떠한 민생 규제가 해소되었으면 좋겠다고 생각하십니까?
(오픈 응답)",경제활성/교통,1
q21_op,"21. 귀하는 수원시의 어떠한 민생 규제가 해소되었으면 좋겠다고 생각하십니까?
(오픈 응답)",복지정책 규제 해소,1
q21_op,"21. 귀하는 수원시의 어떠한 민생 규제가 해소되었으면 좋겠다고 생각하십니까?
(오픈 응답)",지역상권활성화,1
q21_op,"21. 귀하는 수원시의 어떠한 민생 규제가 해소되었으면 좋겠다고 생각하십니까?
(오픈 응답)",취업,1
q21_op,"21. 귀하는 수원시의 어떠한 민생 규제가 해소되었으면 좋겠다고 생각하십니까?
(오픈 응답)",거주자 우선주차관련,1
q21_op,"21. 귀하는 수원시의 어떠한 민생 규제가 해소되었으면 좋겠다고 생각하십니까?
(오픈 응답)",주거 및 도로 환경개선,1
q21_op,"21. 귀하는 수원시의 어떠한 민생 규제가 해소되었으면 좋겠다고 생각하십니까?
(오픈 응답)","여성 안전 관련 지원(스마트 안전센서, 홈카메라 지원 등 타 지역에서 진행한 사업) 공유 킥보드, 공유 전기자전거 규제(인도 운전 금지, 2인 이상 사용 강력 규제, 어린이보호구역 또는 노인주거지역 탑승 규제 등) 그리고 제발 버스 배차시간을 줄이던지 버스 좀 늘려주세요",1
q21_op,"21. 귀하는 수원시의 어떠한 민생 규제가 해소되었으면 좋겠다고 생각하십니까?
(오픈 응답)",지금 권선구에 불법 주차 된 영업용 차량이 부지기수인데 전혀 단속이 되지않고 있음 서수원 홈플러스 주변만 하더라도 24시간 불법 주차 차량이 만연한데 단속하는걸 본적이 없고 GS아파트 주변도 마찬가지임 하다못해 호매실 IC 주변 불법주차를 보면 어이없어 웃음이 나옴,1
q21_op,"21. 귀하는 수원시의 어떠한 민생 규제가 해소되었으면 좋겠다고 생각하십니까?
(오픈 응답)",교통법규의 심한 단속 30키로 구간의 심한 교통정체,1
q21_op,"21. 귀하는 수원시의 어떠한 민생 규제가 해소되었으면 좋겠다고 생각하십니까?
(오픈 응답)",물가 안정을 위해 지역 상품권 활성화 추진,1
q21_op,"21. 귀하는 수원시의 어떠한 민생 규제가 해소되었으면 좋겠다고 생각하십니까?
(오픈 응답)",주택지 내 주차단속,1
q21_op,"21. 귀하는 수원시의 어떠한 민생 규제가 해소되었으면 좋겠다고 생각하십니까?
(오픈 응답)","주거지 인근 위험시설(지역난방공사)의 신속한 폐기. 취약계층보호 및 경제적, 사회시스템지원",1
q21_op,"21. 귀하는 수원시의 어떠한 민생 규제가 해소되었으면 좋겠다고 생각하십니까?
(오픈 응답)",저소득층 주거 안정 문제가 해결 되면 좋겠습니다 es) 전세임대가 되더라도 매물이 없어 들어갈수 없는 실정이고 공공 임대아파는 거의 외곽에 위치해 있어 대중교통이 여략하여 쉽게 가지지 않습니다 소외계층을 더 소외시키는 경우이면 공공 입대아파트가 교통 편리한 곳으로 위치가 선정되면 좋겠습니다 개발은 많이 되었으나 실상 대중교통이 너무 불편에 주거지로는 부적합합니다,1
q21_op,"21. 귀하는 수원시의 어떠한 민생 규제가 해소되었으면 좋겠다고 생각하십니까?
(오픈 응답)",구도심 지하철 건설,1
q21_op,"21. 귀하는 수원시의 어떠한 민생 규제가 해소되었으면 좋겠다고 생각하십니까?
(오픈 응답)",시유지 공동단제들 사용 승인,1
q21_op,"21. 귀하는 수원시의 어떠한 민생 규제가 해소되었으면 좋겠다고 생각하십니까?
(오픈 응답)",무엇을 더 개발하기보다 있는 것을 잘 활용하였으면 좋겠고 수원 내 지역구간 교류가 일어나는 방향으로 했으면 좋겠음,1
q21_op,"21. 귀하는 수원시의 어떠한 민생 규제가 해소되었으면 좋겠다고 생각하십니까?
(오픈 응답)",동네 발달이 골고루 이루어졌으면 좋겠다. 낙후된 동네와 발달된 동네의 차이가 너무 크다,1
q21_op,"21. 귀하는 수원시의 어떠한 민생 규제가 해소되었으면 좋겠다고 생각하십니까?
(오픈 응답)",주차난,1
q21_op,"21. 귀하는 수원시의 어떠한 민생 규제가 해소되었으면 좋겠다고 생각하십니까?
(오픈 응답)",경제살리기와 기업유치가 절실함,1
q21_op,"21. 귀하는 수원시의 어떠한 민생 규제가 해소되었으면 좋겠다고 생각하십니까?
(오픈 응답)",어린이보호구역 속도제한 타임설정,1
q21_op,"21. 귀하는 수원시의 어떠한 민생 규제가 해소되었으면 좋겠다고 생각하십니까?
(오픈 응답)",북수원자이에서 파장초보행로너무위험해요 보행로에 불법주차로 어린아이들이 다칠까걱정되요,1
q21_op,"21. 귀하는 수원시의 어떠한 민생 규제가 해소되었으면 좋겠다고 생각하십니까?
(오픈 응답)",주태가 들에 주차난과 생활 체육 시설이 필요,1
q21_op,"21. 귀하는 수원시의 어떠한 민생 규제가 해소되었으면 좋겠다고 생각하십니까?
(오픈 응답)",ㅡ,1
q21_op,"21. 귀하는 수원시의 어떠한 민생 규제가 해소되었으면 좋겠다고 생각하십니까?
(오픈 응답)",도로변에서 일반성인뿐만 아니라 교복입은 학생들이 담배를 많이 피는데 벌금이나 단속이 필요합니다,1
q21_op,"21. 귀하는 수원시의 어떠한 민생 규제가 해소되었으면 좋겠다고 생각하십니까?
(오픈 응답)","수원역 환승센터 1층의 불법주차 및 흡연, 쓰레기 투기 개선",1
q21_op,"21. 귀하는 수원시의 어떠한 민생 규제가 해소되었으면 좋겠다고 생각하십니까?
(오픈 응답)",대형마트 휴무제 폐지,1
q21_op,"21. 귀하는 수원시의 어떠한 민생 규제가 해소되었으면 좋겠다고 생각하십니까?
(오픈 응답)",주거안전,1
q21_op,"21. 귀하는 수원시의 어떠한 민생 규제가 해소되었으면 좋겠다고 생각하십니까?
(오픈 응답)",나무를 많이 심었으면 좋겠습니다 공공분야 채용비리 좀 없애고 계약직대신 정규직일자리나 많이 만들어요,1
q21_op,"21. 귀하는 수원시의 어떠한 민생 규제가 해소되었으면 좋겠다고 생각하십니까?
(오픈 응답)",교통난 해소,1
q21_op,"21. 귀하는 수원시의 어떠한 민생 규제가 해소되었으면 좋겠다고 생각하십니까?
(오픈 응답)",청년층 주거문제,1
q21_op,"21. 귀하는 수원시의 어떠한 민생 규제가 해소되었으면 좋겠다고 생각하십니까?
(오픈 응답)",폭 넓은 복지,1
q21_op,"21. 귀하는 수원시의 어떠한 민생 규제가 해소되었으면 좋겠다고 생각하십니까?
(오픈 응답)",재건축 불법적 요인 제거에 시정 참여,1
q21_op,"21. 귀하는 수원시의 어떠한 민생 규제가 해소되었으면 좋겠다고 생각하십니까?
(오픈 응답)",영통 쓰레기소각장 이전 및 냄새 나지않도록 조치해주시요,1
q21_op,"21. 귀하는 수원시의 어떠한 민생 규제가 해소되었으면 좋겠다고 생각하십니까?
(오픈 응답)",아동 육아 관련,1
q21_op,"21. 귀하는 수원시의 어떠한 민생 규제가 해소되었으면 좋겠다고 생각하십니까?
(오픈 응답)",소아 응급실 확대,1
q21_op,"21. 귀하는 수원시의 어떠한 민생 규제가 해소되었으면 좋겠다고 생각하십니까?
(오픈 응답)",민원해결의 신속성및 투명성,1
q21_op,"21. 귀하는 수원시의 어떠한 민생 규제가 해소되었으면 좋겠다고 생각하십니까?
(오픈 응답)",평소 규제개혁에 많은 관심이 있습니다. 그러나 기초자치단체가 해결할 수 있는 것이 있을지 의문입니다. 대부분 법률적 규제로 묶여 있는 것이 대부분이기에 행정력 낭비일수 있겠다는 생각이 듭니다.,1
q21_op,"21. 귀하는 수원시의 어떠한 민생 규제가 해소되었으면 좋겠다고 생각하십니까?
(오픈 응답)",-,1
q21_op,"21. 귀하는 수원시의 어떠한 민생 규제가 해소되었으면 좋겠다고 생각하십니까?
(오픈 응답)",교통체증. 불법운전 오토바이,1
q21_op,"21. 귀하는 수원시의 어떠한 민생 규제가 해소되었으면 좋겠다고 생각하십니까?
(오픈 응답)",경기침체 해소필요 소상공인 살리기위한 세분화된 정책 세워주세요,1
q21_op,"21. 귀하는 수원시의 어떠한 민생 규제가 해소되었으면 좋겠다고 생각하십니까?
(오픈 응답)",민생 절차상 복잡한 행정 들이 간소화되길,1
q21_op,"21. 귀하는 수원시의 어떠한 민생 규제가 해소되었으면 좋겠다고 생각하십니까?
(오픈 응답)",물가 상승,1
q21_op,"21. 귀하는 수원시의 어떠한 민생 규제가 해소되었으면 좋겠다고 생각하십니까?
(오픈 응답)",다자녀 혜택,1
q21_op,"21. 귀하는 수원시의 어떠한 민생 규제가 해소되었으면 좋겠다고 생각하십니까?
(오픈 응답)",증여세 완화,1
q21_op,"21. 귀하는 수원시의 어떠한 민생 규제가 해소되었으면 좋겠다고 생각하십니까?
(오픈 응답)",상속세 세율 조절이 필요합니다,1
q21_op,"21. 귀하는 수원시의 어떠한 민생 규제가 해소되었으면 좋겠다고 생각하십니까?
(오픈 응답)",자동차 취득세 감면,1
q21_op,"21. 귀하는 수원시의 어떠한 민생 규제가 해소되었으면 좋겠다고 생각하십니까?
(오픈 응답)",대형마트 강제휴무 폐지,1
q21_op,"21. 귀하는 수원시의 어떠한 민생 규제가 해소되었으면 좋겠다고 생각하십니까?
(오픈 응답)",3차 대학병원 진료 진입장벽 규제가 해소되면 좋겠어요.,1
q21_op,"21. 귀하는 수원시의 어떠한 민생 규제가 해소되었으면 좋겠다고 생각하십니까?
(오픈 응답)",골목길 주차 단속 완화가 필요합니다ㅠㅠ 먹고 살기 위해서 배달을 하는데 너무 딱지를 자주 끊어서 정말 힘듭니다..오래 장기간 주차하는것도 아니고 겨우 몇분인데 그 사이에 딱지를 끊으니까 정말 힘들더라구요,1
q21_op,"21. 귀하는 수원시의 어떠한 민생 규제가 해소되었으면 좋겠다고 생각하십니까?
(오픈 응답)",전기차 보조금 확대,1
q21_op,"21. 귀하는 수원시의 어떠한 민생 규제가 해소되었으면 좋겠다고 생각하십니까?
(오픈 응답)",유류세 인하,1
q21_op,"21. 귀하는 수원시의 어떠한 민생 규제가 해소되었으면 좋겠다고 생각하십니까?
(오픈 응답)",주식양도세 완화,1
q21_op,"21. 귀하는 수원시의 어떠한 민생 규제가 해소되었으면 좋겠다고 생각하십니까?
(오픈 응답)",대출 규제 완화,1
q21_op,"21. 귀하는 수원시의 어떠한 민생 규제가 해소되었으면 좋겠다고 생각하십니까?
(오픈 응답)",전기요금 누진세 구간 확대,1
q21_op,"21. 귀하는 수원시의 어떠한 민생 규제가 해소되었으면 좋겠다고 생각하십니까?
(오픈 응답)",상속세 인하+공제 확대,1
q21_op,"21. 귀하는 수원시의 어떠한 민생 규제가 해소되었으면 좋겠다고 생각하십니까?
(오픈 응답)",아파트 취등록세 인하 및 조절,1
q21_op,"21. 귀하는 수원시의 어떠한 민생 규제가 해소되었으면 좋겠다고 생각하십니까?
(오픈 응답)","학원비, 교육비 절감을 위해 학교가 개혁되어야한다고 본다. 학부모의 능력이 아닌 학교의 전문성 몰입형 교육, 디지털 정보화로 학교 안에서 아이들이 많은 정보와 경험을 할 수 있는 기회를 더 쏟아주어야 학고 선생님이 오롯이 시책임지는 것이 아닌 경력단절, 시니어들의 학교교육 참여로 학생들의 인성부터 많은 산경험의 노하우를 학교생활 속에서 주변어른들에게 규범, 예의, 효와 등 인성과 함께 지식정보를 쌓을 수 있는 교육. 학교안 교육의 전문화를 위해 교육현장의 개선이 필요할 것 같다. 학원이 아닌 학교공교육의 부활로 가정의 교육비 격차를 줄이고 더이상 부모가 자식의 양육을 전적으로 지지랂도록 근심걱정을 덜어주여 출산의 두려움을 막아야한다",1
q21_op,"21. 귀하는 수원시의 어떠한 민생 규제가 해소되었으면 좋겠다고 생각하십니까?
(오픈 응답)",주거안정및 육아 돌봄 지원,1
q21_op,"21. 귀하는 수원시의 어떠한 민생 규제가 해소되었으면 좋겠다고 생각하십니까?
(오픈 응답)",수원에서 서울로 출퇴근하는 시민수가 높습니다. 교통 해결이 시급합니다.,1
q21_op,"21. 귀하는 수원시의 어떠한 민생 규제가 해소되었으면 좋겠다고 생각하십니까?
(오픈 응답)","아파트 사이에 있는 신호등. 불필요한 시간대 깜빡이신호등 또는 교통량적은곳 원형회전교차로 확대로 정차하지않음으로 발생되는 차량의 기름. 시간, 공해로 부터보호",1
q21_op,"21. 귀하는 수원시의 어떠한 민생 규제가 해소되었으면 좋겠다고 생각하십니까?
(오픈 응답)",공원에서 흡연문제로 담배연기때문에 괴로워요,1
q21_op,"21. 귀하는 수원시의 어떠한 민생 규제가 해소되었으면 좋겠다고 생각하십니까?
(오픈 응답)",복합인허가 원스톱 추진,1
q21_op,"21. 귀하는 수원시의 어떠한 민생 규제가 해소되었으면 좋겠다고 생각하십니까?
(오픈 응답)","바닥에 보도블럭 갈라짐, 울퉁불퉁함 그리고 미끄러운 길이나 웅덩이가 많이 생기는 곳 해결",1
q21_op,"21. 귀하는 수원시의 어떠한 민생 규제가 해소되었으면 좋겠다고 생각하십니까?
(오픈 응답)",만족,1
q21_op,"21. 귀하는 수원시의 어떠한 민생 규제가 해소되었으면 좋겠다고 생각하십니까?
(오픈 응답)",저소득층자 지역의료보험미납시에 무리한 은행압류로 생활정지당함 60세이상에게만 코로나 약 처방 관련있는지 모르겠으나 생각나는거 적었습니다,1
q21_op,"21. 귀하는 수원시의 어떠한 민생 규제가 해소되었으면 좋겠다고 생각하십니까?
(오픈 응답)",장애인 복지,1
q21_op,"21. 귀하는 수원시의 어떠한 민생 규제가 해소되었으면 좋겠다고 생각하십니까?
(오픈 응답)",집값 안정화 필요,1
q21_op,"21. 귀하는 수원시의 어떠한 민생 규제가 해소되었으면 좋겠다고 생각하십니까?
(오픈 응답)",규제라기엔 좀 그런가 싶은데.. 대중교통 확대 및 개선. 차가 없으니 도무지 이직을 할 수가 없다.,1
q21_op,"21. 귀하는 수원시의 어떠한 민생 규제가 해소되었으면 좋겠다고 생각하십니까?
(오픈 응답)",감사합니다,1
q21_op,"21. 귀하는 수원시의 어떠한 민생 규제가 해소되었으면 좋겠다고 생각하십니까?
(오픈 응답)",건축,1
q21_op,"21. 귀하는 수원시의 어떠한 민생 규제가 해소되었으면 좋겠다고 생각하십니까?
(오픈 응답)",소통,1
q21_op,"21. 귀하는 수원시의 어떠한 민생 규제가 해소되었으면 좋겠다고 생각하십니까?
(오픈 응답)",새빛돌봄의 대상자 확대,1
q21_op,"21. 귀하는 수원시의 어떠한 민생 규제가 해소되었으면 좋겠다고 생각하십니까?
(오픈 응답)",다음,1
q21_op,"21. 귀하는 수원시의 어떠한 민생 규제가 해소되었으면 좋겠다고 생각하십니까?
(오픈 응답)",공군 비행장 이전,1
q21_op,"21. 귀하는 수원시의 어떠한 민생 규제가 해소되었으면 좋겠다고 생각하십니까?
(오픈 응답)",ㅣ인가구 ᆢ미혼자 등 혼자사는 사람들에 대한 주거복지와직업등이 해소되었으면합니다ㆍ,1
q21_op,"21. 귀하는 수원시의 어떠한 민생 규제가 해소되었으면 좋겠다고 생각하십니까?
(오픈 응답)",건축규제,1
q21_op,"21. 귀하는 수원시의 어떠한 민생 규제가 해소되었으면 좋겠다고 생각하십니까?
(오픈 응답)",의견없으,1
q21_op,"21. 귀하는 수원시의 어떠한 민생 규제가 해소되었으면 좋겠다고 생각하십니까?
(오픈 응답)","구도심 슬럼화 방지를 위한 리모델링이나 리디자인, 주차공간확보를 위한 주차장사업",1
q21_op,"21. 귀하는 수원시의 어떠한 민생 규제가 해소되었으면 좋겠다고 생각하십니까?
(오픈 응답)",CBD 일정 내 완료,1
q21_op,"21. 귀하는 수원시의 어떠한 민생 규제가 해소되었으면 좋겠다고 생각하십니까?
(오픈 응답)",세금 걷을때 내가 직접 세금내러 가도 너무 불친절하다. 세금 납부에 대한 편의성이 더욱 높아져야한다. 비행장 이전은 서수원의 미래다. 비행장 소음으로 몇십년간 피해를 수원은 제대로 보상받지 못했다.,1
q21_op,"21. 귀하는 수원시의 어떠한 민생 규제가 해소되었으면 좋겠다고 생각하십니까?
(오픈 응답)",물가안정과 일자리창출,1
q21_op,"21. 귀하는 수원시의 어떠한 민생 규제가 해소되었으면 좋겠다고 생각하십니까?
(오픈 응답)",특별히 해당사항이 없습니다,1
q21_op,"21. 귀하는 수원시의 어떠한 민생 규제가 해소되었으면 좋겠다고 생각하십니까?
(오픈 응답)",스타필드앞 교통대책,1
q21_op,"21. 귀하는 수원시의 어떠한 민생 규제가 해소되었으면 좋겠다고 생각하십니까?
(오픈 응답)",거주자 우선주차와 일방통행 지정 해제 특히 정자시장 주차장입구는 일방통이라 양쪽어 거주자 우선 주차구역이라 차가 지날때 사람들의 통행이 매우 불편하다 또한 입구가 일방통행이라 불펼하고 사고율이 높은 시장통을 지나는 힘들고 불편한게 현실이다 거주자우선을 없애고 입구와 출구를 한곳으로 한다면 사람이 지나다니는 시장통을 가지않아도 된다 꼭 해소되간 바란다,1
q21_op,"21. 귀하는 수원시의 어떠한 민생 규제가 해소되었으면 좋겠다고 생각하십니까?
(오픈 응답)",홀로 생활하는 사람들을 위한 병의원 방문 지원,1
q21_op,"21. 귀하는 수원시의 어떠한 민생 규제가 해소되었으면 좋겠다고 생각하십니까?
(오픈 응답)",잘은 모르지만 자영업자를 위한 내용이 도움이 될 것 같다,1
q21_op,"21. 귀하는 수원시의 어떠한 민생 규제가 해소되었으면 좋겠다고 생각하십니까?
(오픈 응답)",공공기관의 공기를 개방 창업자 등의 업무 거점으로,1
q21_op,"21. 귀하는 수원시의 어떠한 민생 규제가 해소되었으면 좋겠다고 생각하십니까?
(오픈 응답)",수원페이를 명절이있는달과 5월가정의달은 인센티브를 더 올려야한다,1
q21_op,"21. 귀하는 수원시의 어떠한 민생 규제가 해소되었으면 좋겠다고 생각하십니까?
(오픈 응답)",주거문제,1
q21_op,"21. 귀하는 수원시의 어떠한 민생 규제가 해소되었으면 좋겠다고 생각하십니까?
(오픈 응답)",오랜 전통에 000스포츠센터가 행정 서류에 의해서 폐쇄가 되었습니다. 수원시에서 운영하는 스포츠센터가 건립되었으면 좋겠습니다.,1
q21_op,"21. 귀하는 수원시의 어떠한 민생 규제가 해소되었으면 좋겠다고 생각하십니까?
(오픈 응답)",일자리 창출 미리 계획되어있던 사이언스파크 등을 확실하게 추진했으면 좋겠다,1
q21_op,"21. 귀하는 수원시의 어떠한 민생 규제가 해소되었으면 좋겠다고 생각하십니까?
(오픈 응답)",부탁합니다,1
q21_op,"21. 귀하는 수원시의 어떠한 민생 규제가 해소되었으면 좋겠다고 생각하십니까?
(오픈 응답)",예전에 공관을 시민들이 이용할 수 있게끔 해주었는데 이재명때문에 이용못하게 했었음. 복지차원에서 다시 시민들에게 이용혜택을 주었으면 좋겠네요. 무료웨딩홀 대여라던지..,1
q21_op,"21. 귀하는 수원시의 어떠한 민생 규제가 해소되었으면 좋겠다고 생각하십니까?
(오픈 응답)",노인 장애우 복지,1
q21_op,"21. 귀하는 수원시의 어떠한 민생 규제가 해소되었으면 좋겠다고 생각하십니까?
(오픈 응답)",생활고로 힘듬이들에게 갑질하는 행위,1
q21_op,"21. 귀하는 수원시의 어떠한 민생 규제가 해소되었으면 좋겠다고 생각하십니까?
(오픈 응답)","1.나혜석거리 주차문제 해결 2. 지역축제가 더 늦은 시각까지 운영되면, 자영업자들도 축제를 즐길수 있을 것 같습니다. 3. 외국인(근로자) 관리부서의 부활 및 운영 - 안산만큼 수원시에도 외국인이 많은데 왜 (경찰청)부서가 축소되고 이전했는지 알고 싶습니다.",1
q21_op,"21. 귀하는 수원시의 어떠한 민생 규제가 해소되었으면 좋겠다고 생각하십니까?
(오픈 응답)",좋다,1
q21_op,"21. 귀하는 수원시의 어떠한 민생 규제가 해소되었으면 좋겠다고 생각하십니까?
(오픈 응답)",교통체중과 주차관련,1
q21_op,"21. 귀하는 수원시의 어떠한 민생 규제가 해소되었으면 좋겠다고 생각하십니까?
(오픈 응답)",청년계층 지원,1
q21_op,"21. 귀하는 수원시의 어떠한 민생 규제가 해소되었으면 좋겠다고 생각하십니까?
(오픈 응답)",비행장 소음,1
q21_op,"21. 귀하는 수원시의 어떠한 민생 규제가 해소되었으면 좋겠다고 생각하십니까?
(오픈 응답)","쇼핑몰 부근 교통 체증 해소, 대형마트 휴업일 폐지",1
q21_op,"21. 귀하는 수원시의 어떠한 민생 규제가 해소되었으면 좋겠다고 생각하십니까?
(오픈 응답)",수원은 노후화가 많이 되었다. 노후화된 주변 안전장치 점검및 재정비가 필요하다.우리아파트도 엘리베이터공사를했다. 1999년에 지어져서 이젠 점점 고칠곳이 더많아졌다,1
q21_op,"21. 귀하는 수원시의 어떠한 민생 규제가 해소되었으면 좋겠다고 생각하십니까?
(오픈 응답)",다양한 복지,1
q21_op,"21. 귀하는 수원시의 어떠한 민생 규제가 해소되었으면 좋겠다고 생각하십니까?
(오픈 응답)",기업이 많이 생겨야해요,1
q21_op,"21. 귀하는 수원시의 어떠한 민생 규제가 해소되었으면 좋겠다고 생각하십니까?
(오픈 응답)",노인복지주택 일번주택 전환,1
q21_op,"21. 귀하는 수원시의 어떠한 민생 규제가 해소되었으면 좋겠다고 생각하십니까?
(오픈 응답)",쓰레기 분리수거 기준 통일 인터넷 검색하면 행정 구역마다 기준이 다 달라서 분리수거에 어려움을 겪습니다 길거리 쓰레기통 설치 길거리에 쓰레기통이 너무 없어서 불편합니다,1
q21_op,"21. 귀하는 수원시의 어떠한 민생 규제가 해소되었으면 좋겠다고 생각하십니까?
(오픈 응답)",경제안정,1
q21_op,"21. 귀하는 수원시의 어떠한 민생 규제가 해소되었으면 좋겠다고 생각하십니까?
(오픈 응답)","교통체제,빈곤층 문제",1
q21_op,"21. 귀하는 수원시의 어떠한 민생 규제가 해소되었으면 좋겠다고 생각하십니까?
(오픈 응답)",규제 최소화,1
q21_op,"21. 귀하는 수원시의 어떠한 민생 규제가 해소되었으면 좋겠다고 생각하십니까?
(오픈 응답)","화성동탄경찰서 유죄추정과 강압수사 사태로 인해 경찰과 국가권력에 대한 불신이 늘어나고 있습니다. 수원시에 소재하는 경기남부경찰청 소속 서에서 일어난 사태인만큼, 옆동네 일이 아니라 우리도 당할 수 있다는 위기의식을 갖고, 경찰의, 특히 여성청소년 관련 수사팀들의, 유죄추정과 강압수사에 무고한 시민이 대처할 수 있는 방안과 시스템이 마련되어, 무고하다면 억울한 일이 생기지 않도록 힘써주시면 감사드리겠습니다.",1
q21_op,"21. 귀하는 수원시의 어떠한 민생 규제가 해소되었으면 좋겠다고 생각하십니까?
(오픈 응답)",공군비행장 이전_고도제한 완화.주택가 소음 완화 영통쓰레기소각장 이전,1
q21_op,"21. 귀하는 수원시의 어떠한 민생 규제가 해소되었으면 좋겠다고 생각하십니까?
(오픈 응답)",어린이집원장과 유치원장의 비리 방치(간혹 담당공무원분께서 뇌물 드셨나 하는 생각이 들때가 너무 많음) 제대로 해 주십시요 꼭 부탁드립니다,1
q21_op,"21. 귀하는 수원시의 어떠한 민생 규제가 해소되었으면 좋겠다고 생각하십니까?
(오픈 응답)",수원페이 확대,1
q21_op,"21. 귀하는 수원시의 어떠한 민생 규제가 해소되었으면 좋겠다고 생각하십니까?
(오픈 응답)",대형마트 휴무 폐지,1
q21_op,"21. 귀하는 수원시의 어떠한 민생 규제가 해소되었으면 좋겠다고 생각하십니까?
(오픈 응답)",청년들 주거문제,1
q21_op,"21. 귀하는 수원시의 어떠한 민생 규제가 해소되었으면 좋겠다고 생각하십니까?
(오픈 응답)","세자녀 이상 다자녀에대한 혜택을 강화해주십시요 수원시가 인구가많다고 너무 아이들에대한 대책이 없습니다. 자녀가 많은 가구에 중학교 우선지정권, 돌봄교실 우선권 등 혜택을 검토해주세요",1
q21_op,"21. 귀하는 수원시의 어떠한 민생 규제가 해소되었으면 좋겠다고 생각하십니까?
(오픈 응답)",타지역에서는 활발하게 진행되고 있는 바우처(보건위생의 기본인 목욕)사업이 효의 도시라는 수원에서는 시작도 하지 않고 있는것이 타지역과 비교될 때 속상함을 넘어 화가 날 때가 있다. 업소와 상생하면서 경로를 비롯한 취약계층 등에 혜택을 주는 정책을 만들기를 바래본다.,1
q21_op,"21. 귀하는 수원시의 어떠한 민생 규제가 해소되었으면 좋겠다고 생각하십니까?
(오픈 응답)","세금인하, 미취업 청년 지원",1
q21_op,"21. 귀하는 수원시의 어떠한 민생 규제가 해소되었으면 좋겠다고 생각하십니까?
(오픈 응답)",공동주택내 어린이보호시설 증축등 규제 완화,1
q21_op,"21. 귀하는 수원시의 어떠한 민생 규제가 해소되었으면 좋겠다고 생각하십니까?
(오픈 응답)","무분별한 쓰레기 투기, 특히 수원역근처 쓰레기들 때문에 너무 스트레스가 많음. 단속이 필요하다. 금연구역이라고 표시된곳에서 담배버리고, 커피컵이나 캔들이 너무 버려져있어 정말 낯뜨겁다.",1
q21_op,"21. 귀하는 수원시의 어떠한 민생 규제가 해소되었으면 좋겠다고 생각하십니까?
(오픈 응답)",노후지구 개발,1
q21_op,"21. 귀하는 수원시의 어떠한 민생 규제가 해소되었으면 좋겠다고 생각하십니까?
(오픈 응답)",수원의 경제가 활성화될수 있는 민생 추진을 요망합니다.,1
q21_op,"21. 귀하는 수원시의 어떠한 민생 규제가 해소되었으면 좋겠다고 생각하십니까?
(오픈 응답)",취약계층의 아동들의 복지 한부모가정의 복지,1
q21_op,"21. 귀하는 수원시의 어떠한 민생 규제가 해소되었으면 좋겠다고 생각하십니까?
(오픈 응답)",주차단속 완화,1
q21_op,"21. 귀하는 수원시의 어떠한 민생 규제가 해소되었으면 좋겠다고 생각하십니까?
(오픈 응답)",일자리창출,1
q21_op,"21. 귀하는 수원시의 어떠한 민생 규제가 해소되었으면 좋겠다고 생각하십니까?
(오픈 응답)",수원비행장 이전 및 서수원 지역 지하철 확충,1
q21_op,"21. 귀하는 수원시의 어떠한 민생 규제가 해소되었으면 좋겠다고 생각하십니까?
(오픈 응답)",서울-경기 기후동행카드 시스템 합치기,1
q21_op,"21. 귀하는 수원시의 어떠한 민생 규제가 해소되었으면 좋겠다고 생각하십니까?
(오픈 응답)",수고하세요,1
q21_op,"21. 귀하는 수원시의 어떠한 민생 규제가 해소되었으면 좋겠다고 생각하십니까?
(오픈 응답)",고도제한,1
q21_op,"21. 귀하는 수원시의 어떠한 민생 규제가 해소되었으면 좋겠다고 생각하십니까?
(오픈 응답)",복지,1
q21_op,"21. 귀하는 수원시의 어떠한 민생 규제가 해소되었으면 좋겠다고 생각하십니까?
(오픈 응답)",수원 시내 대중교통 대부분 배차도 너무 길고 수원 내에서 이동해도 한시간 넘게 걸리는 경우가 태반이라 아예 다른 도시로 나가게 됩니다.,1
q21_op,"21. 귀하는 수원시의 어떠한 민생 규제가 해소되었으면 좋겠다고 생각하십니까?
(오픈 응답)",ㅅ,1
q21_op,"21. 귀하는 수원시의 어떠한 민생 규제가 해소되었으면 좋겠다고 생각하십니까?
(오픈 응답)","전통시장확대 물가인하,교통비등인하조정 등",1
q21_op,"21. 귀하는 수원시의 어떠한 민생 규제가 해소되었으면 좋겠다고 생각하십니까?
(오픈 응답)","교통문제, 대형 쇼핑몰이 생긴 후 근거리 주민은 몰리는 차량으로인해 교통체증을 느끼고 있음",1
q21_op,"21. 귀하는 수원시의 어떠한 민생 규제가 해소되었으면 좋겠다고 생각하십니까?
(오픈 응답)",다세대주택 발코니(베란다) 설치하게 해 주세요,1
q21_op,"21. 귀하는 수원시의 어떠한 민생 규제가 해소되었으면 좋겠다고 생각하십니까?
(오픈 응답)","버스 증원, 심야버스 증축, 서울로 빠르게 가는 버스가 생기면 좋겠어요(사당, 강남 등 정류장 10개 미만으로 빠르게 도착 가능한 버스)",1
q21_op,"21. 귀하는 수원시의 어떠한 민생 규제가 해소되었으면 좋겠다고 생각하십니까?
(오픈 응답)",ㆍ,1
q21_op,"21. 귀하는 수원시의 어떠한 민생 규제가 해소되었으면 좋겠다고 생각하십니까?
(오픈 응답)","장애인, 의료취약계층 복지",1
q21_op,"21. 귀하는 수원시의 어떠한 민생 규제가 해소되었으면 좋겠다고 생각하십니까?
(오픈 응답)",복지 사각지대에 놓인 분들을 도와주셨으면 좋겠습니다,1
q21_op,"21. 귀하는 수원시의 어떠한 민생 규제가 해소되었으면 좋겠다고 생각하십니까?
(오픈 응답)",대중교통의 적절한 배치,1
q21_op,"21. 귀하는 수원시의 어떠한 민생 규제가 해소되었으면 좋겠다고 생각하십니까?
(오픈 응답)",택지개발지역 지름길이 없어 돌아기는 길들이 불편함,1
q21_op,"21. 귀하는 수원시의 어떠한 민생 규제가 해소되었으면 좋겠다고 생각하십니까?
(오픈 응답)",발달느린아이 키우기너무힘들어요 갖은게없다보니 맞벌이하면 지원도하나도못받고 돈은너무많이들고,1
q21_op,"21. 귀하는 수원시의 어떠한 민생 규제가 해소되었으면 좋겠다고 생각하십니까?
(오픈 응답)",북수원 그린벌트지역 해제 검토,1
q21_op,"21. 귀하는 수원시의 어떠한 민생 규제가 해소되었으면 좋겠다고 생각하십니까?
(오픈 응답)",환경과복지,1
q21_op,"21. 귀하는 수원시의 어떠한 민생 규제가 해소되었으면 좋겠다고 생각하십니까?
(오픈 응답)",신분당선 조기 준공,1
q21_op,"21. 귀하는 수원시의 어떠한 민생 규제가 해소되었으면 좋겠다고 생각하십니까?
(오픈 응답)",장애인 편의시설,1
q21_op,"21. 귀하는 수원시의 어떠한 민생 규제가 해소되었으면 좋겠다고 생각하십니까?
(오픈 응답)",경제불균형,1
q21_op,"21. 귀하는 수원시의 어떠한 민생 규제가 해소되었으면 좋겠다고 생각하십니까?
(오픈 응답)",다음단계,1
q21_op,"21. 귀하는 수원시의 어떠한 민생 규제가 해소되었으면 좋겠다고 생각하십니까?
(오픈 응답)",오래된 아파트 재건축 관련 규제,1
q21_op,"21. 귀하는 수원시의 어떠한 민생 규제가 해소되었으면 좋겠다고 생각하십니까?
(오픈 응답)",노후일자리를 늘려주셨으면합니다,1
q21_op,"21. 귀하는 수원시의 어떠한 민생 규제가 해소되었으면 좋겠다고 생각하십니까?
(오픈 응답)",자업업자들의 세금부담을 달어주어씅면 좋겠음,1
q21_op,"21. 귀하는 수원시의 어떠한 민생 규제가 해소되었으면 좋겠다고 생각하십니까?
(오픈 응답)",병원ㆍ약국ㆍ소아과 문제해결,1
q21_op,"21. 귀하는 수원시의 어떠한 민생 규제가 해소되었으면 좋겠다고 생각하십니까?
(오픈 응답)",심야 안전귀가,1
q21_op,"21. 귀하는 수원시의 어떠한 민생 규제가 해소되었으면 좋겠다고 생각하십니까?
(오픈 응답)",낙후지역 재개발 혹은 정비,1
q21_op,"21. 귀하는 수원시의 어떠한 민생 규제가 해소되었으면 좋겠다고 생각하십니까?
(오픈 응답)",취약계층 돌봄,1
q21_op,"21. 귀하는 수원시의 어떠한 민생 규제가 해소되었으면 좋겠다고 생각하십니까?
(오픈 응답)",환경오염 문제,1
q21_op,"21. 귀하는 수원시의 어떠한 민생 규제가 해소되었으면 좋겠다고 생각하십니까?
(오픈 응답)",Gtx신속추진 재개발신속추진 신축아파트안전진단철저 전기자동차안전문제,1
q21_op,"21. 귀하는 수원시의 어떠한 민생 규제가 해소되었으면 좋겠다고 생각하십니까?
(오픈 응답)",정신과약도 실비보험 청구가능하도록 규제해소 되었으면 좋겠습니다.,1
q21_op,"21. 귀하는 수원시의 어떠한 민생 규제가 해소되었으면 좋겠다고 생각하십니까?
(오픈 응답)","환경, 인도, 도로 정비-수원 도시 곳곳 쓰레기가 널려있고 인도에는 풀이 자라 무성하고 전체적으로 관리되지 않고 있음 실내 공간(마트, 쇼핑몰 등) 애완동물 출입금지-실내 애완동물 출입 시 냄새와 동물의 마킹활동 배변 활동이 완벽하게 청소되지 않아 비위생적 임",1
q21_op,"21. 귀하는 수원시의 어떠한 민생 규제가 해소되었으면 좋겠다고 생각하십니까?
(오픈 응답)",규제라고 규정하긴 어렵지만 교통문제는 해결되어야 할 1순위입니다.,1
q21_op,"21. 귀하는 수원시의 어떠한 민생 규제가 해소되었으면 좋겠다고 생각하십니까?
(오픈 응답)","현재 수원의 인구가 많아서 다른지역에 비해 복지가 골고루 전해지지 않는것으로 느낀다. 안산 지인이 수원으로 이사오려다가 편부모 , 다자녀 가정 지원을 알아보고 안산에 비해 거의 없다는것을 알았다고 수원으로 이사는 안올거라고 하더라",1
q21_op,"21. 귀하는 수원시의 어떠한 민생 규제가 해소되었으면 좋겠다고 생각하십니까?
(오픈 응답)","각 구의 균형발전. 영통구의 초교신설, 중학교 이전에 비하여 권선구는 기존학교 증설만으로 차량통학을 하는데 그걸 원치 않는다면 결국 주거지를 옮겨야 하는 상황이 생김.",1
q21_op,"21. 귀하는 수원시의 어떠한 민생 규제가 해소되었으면 좋겠다고 생각하십니까?
(오픈 응답)","젊은이들 수원에 실 수 있게 하는 일자리 창출과 청년주택 보급, 장학금제도 및 청년추업 지원금 등이 시급하다고 생각합니다",1
q21_op,"21. 귀하는 수원시의 어떠한 민생 규제가 해소되었으면 좋겠다고 생각하십니까?
(오픈 응답)",속도위반 카메라가 너무 많아지고 있습니다. 오히려 이부분이 교통체증을 유발하고 특히 휴일에는 학교근처 속도30 어린이보호 구역 규제 좀 풀어주세요 ㅜㅜ,1
q21_op,"21. 귀하는 수원시의 어떠한 민생 규제가 해소되었으면 좋겠다고 생각하십니까?
(오픈 응답)",대중교통 획기적 개선,1
q21_op,"21. 귀하는 수원시의 어떠한 민생 규제가 해소되었으면 좋겠다고 생각하십니까?
(오픈 응답)","물가안정,소음규제",1
q21_op,"21. 귀하는 수원시의 어떠한 민생 규제가 해소되었으면 좋겠다고 생각하십니까?
(오픈 응답)",개발제한,1
q21_op,"21. 귀하는 수원시의 어떠한 민생 규제가 해소되었으면 좋겠다고 생각하십니까?
(오픈 응답)",방치된 천 / 개울 환경 개선,1
q21_op,"21. 귀하는 수원시의 어떠한 민생 규제가 해소되었으면 좋겠다고 생각하십니까?
(오픈 응답)",마트 휴무일 평일로 전환,1
q21_op,"21. 귀하는 수원시의 어떠한 민생 규제가 해소되었으면 좋겠다고 생각하십니까?
(오픈 응답)",재개발 재건축 추진 속도 가속화,1
q21_op,"21. 귀하는 수원시의 어떠한 민생 규제가 해소되었으면 좋겠다고 생각하십니까?
(오픈 응답)",없,1
q21_op,"21. 귀하는 수원시의 어떠한 민생 규제가 해소되었으면 좋겠다고 생각하십니까?
(오픈 응답)","재개발,재건축 속도를 가속화하기 바람",1
q21_op,"21. 귀하는 수원시의 어떠한 민생 규제가 해소되었으면 좋겠다고 생각하십니까?
(오픈 응답)",새빛돌봄 확대,1
q21_op,"21. 귀하는 수원시의 어떠한 민생 규제가 해소되었으면 좋겠다고 생각하십니까?
(오픈 응답)","도로, 보도정비가 미흡",1
q21_op,"21. 귀하는 수원시의 어떠한 민생 규제가 해소되었으면 좋겠다고 생각하십니까?
(오픈 응답)","1. 인구대비 교통인프라 너무 미흡 2. 복지사각지대 민생안전 3. 다음세대를 위한 교육인프라 확충 (교사, 시설등) 인구감소에 대비한 질 높은 교육환경개선 4. 기후변화에 대응한 시민 아이디어 공모",1
q21_op,"21. 귀하는 수원시의 어떠한 민생 규제가 해소되었으면 좋겠다고 생각하십니까?
(오픈 응답)","쓰레기 문제, 실생활 환경 문제, 규제",1
q21_op,"21. 귀하는 수원시의 어떠한 민생 규제가 해소되었으면 좋겠다고 생각하십니까?
(오픈 응답)","오래된 건축, 도로 위험물 안전",1
q21_op,"21. 귀하는 수원시의 어떠한 민생 규제가 해소되었으면 좋겠다고 생각하십니까?
(오픈 응답)",1. 휴일이나 야간에 병원을 쉽게 찾을 수 있으면 좋겠어요. 동네마다 지정병원제로 2. 수목이 하천에서 홍수에 문제가 된다는 원칙을 뺐으면 좋겠어요. 실제 문제는 인공구조물이기 때문,1
q21_op,"21. 귀하는 수원시의 어떠한 민생 규제가 해소되었으면 좋겠다고 생각하십니까?
(오픈 응답)",환경개선,1
q21_op,"21. 귀하는 수원시의 어떠한 민생 규제가 해소되었으면 좋겠다고 생각하십니까?
(오픈 응답)",서울로 출퇴근하는데 많은 시간이 소요되어 삶이 풍요롭지 못합니다 다양한 버스 노선이 있으면 좋겠습니다,1
q21_op,"21. 귀하는 수원시의 어떠한 민생 규제가 해소되었으면 좋겠다고 생각하십니까?
(오픈 응답)",노후화된 주거시설(아파트) 재건축 재개발,1
q21_op,"21. 귀하는 수원시의 어떠한 민생 규제가 해소되었으면 좋겠다고 생각하십니까?
(오픈 응답)",불법주차 차량 규제,1
q21_op,"21. 귀하는 수원시의 어떠한 민생 규제가 해소되었으면 좋겠다고 생각하십니까?
(오픈 응답)",전기차 안전 관련 대책 마련 시급. 화재 가능성을 고려 전기차 주차 구역 지정 및 소방 시설 기준 마련,1
q21_op,"21. 귀하는 수원시의 어떠한 민생 규제가 해소되었으면 좋겠다고 생각하십니까?
(오픈 응답)",도로주변 및 골목길 쓰레기 청소,1
q21_op,"21. 귀하는 수원시의 어떠한 민생 규제가 해소되었으면 좋겠다고 생각하십니까?
(오픈 응답)",노점상.풍물거리활성화,1
q21_op,"21. 귀하는 수원시의 어떠한 민생 규제가 해소되었으면 좋겠다고 생각하십니까?
(오픈 응답)",노숙자,1
q21_op,"21. 귀하는 수원시의 어떠한 민생 규제가 해소되었으면 좋겠다고 생각하십니까?
(오픈 응답)",기업 제품 인증 간소화,1
q21_op,"21. 귀하는 수원시의 어떠한 민생 규제가 해소되었으면 좋겠다고 생각하십니까?
(오픈 응답)",없다,1
q21_op,"21. 귀하는 수원시의 어떠한 민생 규제가 해소되었으면 좋겠다고 생각하십니까?
(오픈 응답)",안전 확보,1
q21_op,"21. 귀하는 수원시의 어떠한 민생 규제가 해소되었으면 좋겠다고 생각하십니까?
(오픈 응답)",스타필드 주변 교통 막힘 문제,1
q21_op,"21. 귀하는 수원시의 어떠한 민생 규제가 해소되었으면 좋겠다고 생각하십니까?
(오픈 응답)",일자리창출 문제 환경 이산화탄소 문제,1
q21_op,"21. 귀하는 수원시의 어떠한 민생 규제가 해소되었으면 좋겠다고 생각하십니까?
(오픈 응답)",비행기소음,1
q21_op,"21. 귀하는 수원시의 어떠한 민생 규제가 해소되었으면 좋겠다고 생각하십니까?
(오픈 응답)",그린벨트 해제 반대,1
q21_op,"21. 귀하는 수원시의 어떠한 민생 규제가 해소되었으면 좋겠다고 생각하십니까?
(오픈 응답)",너무 기혼구성원들을 위한 복지정책이 마련되어있음. 가족 구성원과 함께 사는 청년 세대를 위한 복지정책을 마련해주세요,1
q21_op,"21. 귀하는 수원시의 어떠한 민생 규제가 해소되었으면 좋겠다고 생각하십니까?
(오픈 응답)","수원시 장애인 캠핑장 마련 , 무장애 놀이터를 포함한 장애인을 위한 캠핑장 장애인 우선 캠핑장 . 수원시 미술관 박물관 전시관 체험관 등 발달장애인 지원 서비스 필요 (이용시 도우미)고등동 장애인복지관 신설",1
q21_op,"21. 귀하는 수원시의 어떠한 민생 규제가 해소되었으면 좋겠다고 생각하십니까?
(오픈 응답)",수원시 도시기본계획 중 의 현실적인 변경..예) 고색역 역세권 개발 계획 시 토지 용적률 1종 일반=>2종 이상,1
q21_op,"21. 귀하는 수원시의 어떠한 민생 규제가 해소되었으면 좋겠다고 생각하십니까?
(오픈 응답)",복지의 평균화,1
q21_op,"21. 귀하는 수원시의 어떠한 민생 규제가 해소되었으면 좋겠다고 생각하십니까?
(오픈 응답)",",",1
q21_op,"21. 귀하는 수원시의 어떠한 민생 규제가 해소되었으면 좋겠다고 생각하십니까?
(오픈 응답)",소비심리가 회복되어. 모두. 잘사는 수원시민이. 되기를. 바랍니다.,1
q21_op,"21. 귀하는 수원시의 어떠한 민생 규제가 해소되었으면 좋겠다고 생각하십니까?
(오픈 응답)",많은 관심 부탁해용,1
q21_op,"21. 귀하는 수원시의 어떠한 민생 규제가 해소되었으면 좋겠다고 생각하십니까?
(오픈 응답)",아파트 지상주차장 의무신설화 다세대주택(빌라) 지정 분리수거장 설치,1
q21_op,"21. 귀하는 수원시의 어떠한 민생 규제가 해소되었으면 좋겠다고 생각하십니까?
(오픈 응답)",복지혜택,1
q21_op,"21. 귀하는 수원시의 어떠한 민생 규제가 해소되었으면 좋겠다고 생각하십니까?
(오픈 응답)",미취학아동 돌봄 서비스 늘리기,1
q21_op,"21. 귀하는 수원시의 어떠한 민생 규제가 해소되었으면 좋겠다고 생각하십니까?
(오픈 응답)","장마철에 비가많이오거나, 겨울에 눈이 많이 쌓이면 테라스가 훼손이되거나 생활이 어려워질수있으니 테라스에 샷시를 설치해서 아파트처럼 생활의 불편함이나 위험함이 없이 안정된생활을 할수있게 건축법이 합리적이었으면 좋겠습니다.",1
q21_op,"21. 귀하는 수원시의 어떠한 민생 규제가 해소되었으면 좋겠다고 생각하십니까?
(오픈 응답)",수원은 서울출퇴근이용자가 많아서 광역버스 증설요구가 많았는데 어느정도 의견반영이되어진듯한 느낌도 들지만 수원의 각동네에서 다른 동으로 이동이 너무 불편하다 버스노선이 좀더 촘촘해질 필요가있고 연계가 필요하다 노선이생겨도 배차기간이 너무길면 이용안한다 수원지역의 구역별 동별 의료기관으로 대중교통 시설이 불편하니 대규모 아파트단지가 생길수록 수원의 교통대란은 뻔한데 앞으로 수원은 교통으로 관광이니 문화행사를 잘해도 아무런 이득이 없을수도,1
q21_op,"21. 귀하는 수원시의 어떠한 민생 규제가 해소되었으면 좋겠다고 생각하십니까?
(오픈 응답)",지역화폐 활성화 및 공공화장실 개선,1
q21_op,"21. 귀하는 수원시의 어떠한 민생 규제가 해소되었으면 좋겠다고 생각하십니까?
(오픈 응답)","규제 해소보다는 안전강화 규제를 정비하는것이 필요. 교통사고, 보행자사고가 많은 도로 및 공유킥보드/자전거에 대한 규제가 필요함",1
q21_op,"21. 귀하는 수원시의 어떠한 민생 규제가 해소되었으면 좋겠다고 생각하십니까?
(오픈 응답)",나이먹고 일 할 곳이 없네요.일자리 창출해 주세요.,1
q21_op,"21. 귀하는 수원시의 어떠한 민생 규제가 해소되었으면 좋겠다고 생각하십니까?
(오픈 응답)",교통과 도시의 균형적 개발,1
q21_op,"21. 귀하는 수원시의 어떠한 민생 규제가 해소되었으면 좋겠다고 생각하십니까?
(오픈 응답)",다자녀 차량 취등록세 감면 확대 시행 (차량 가격은 올라가는데 감면금액이 동일해서 아쉬워요 ),1
wg,모수가중치,142.72,101
wg,모수가중치,216.81,72
wg,모수가중치,175.68,69
wg,모수가중치,211.0,67
wg,모수가중치,279.07,61
wg,모수가중치,233.75,59
wg,모수가중치,266.42,53
wg,모수가중치,281.02,52
wg,모수가중치,367.24,46
wg,모수가중치,198.29,45
wg,모수가중치,226.59,37
wg,모수가중치,233.83,36
wg,모수가중치,411.74,35
wg,모수가중치,276.17,35
wg,모수가중치,255.18,34
wg,모수가중치,286.97,34
wg,모수가중치,499.88,32
wg,모수가중치,510.71,31
wg,모수가중치,349.9,30
wg,모수가중치,545.63,30
wg,모수가중치,267.21,28
wg,모수가중치,601.92,26
wg,모수가중치,535.2,25
wg,모수가중치,254.32,25
wg,모수가중치,393.96,25
wg,모수가중치,440.24,25
wg,모수가중치,277.38,24
wg,모수가중치,667.83,24
wg,모수가중치,545.92,24
wg,모수가중치,681.48,23
wg,모수가중치,564.83,23
wg,모수가중치,654.55,22
wg,모수가중치,569.59,22
wg,모수가중치,487.91,22
wg,모수가중치,735.67,21
wg,모수가중치,785.75,20
wg,모수가중치,757.4,20
wg,모수가중치,371.67,18
wg,모수가중치,952.94,18
wg,모수가중치,449.18,17
wg,모수가중치,488.0,16
wg,모수가중치,512.81,16
wg,모수가중치,700.07,15
wg,모수가중치,508.07,15
wg,모수가중치,745.43,14
wg,모수가중치,952.86,14
wg,모수가중치,1153.71,14
wg,모수가중치,1022.57,14
wg,모수가중치,846.46,13
wg,모수가중치,1824.15,13
wg,모수가중치,1022.33,12
wg,모수가중치,1340.25,12
wg,모수가중치,1207.42,12
wg,모수가중치,574.83,12
wg,모수가중치,891.82,11
wg,모수가중치,979.0,11
wg,모수가중치,1368.9,10
wg,모수가중치,903.6,10
wg,모수가중치,1011.4,10
wg,모수가중치,1109.4,10
wg,모수가중치,1422.67,9
wg,모수가중치,1282.44,9
wg,모수가중치,1488.88,8
wg,모수가중치,948.0,8
wg,모수가중치,1819.63,8
wg,모수가중치,864.13,8
wg,모수가중치,1096.71,7
wg,모수가중치,4127.86,7
wg,모수가중치,2140.86,7
wg,모수가중치,2662.14,7
wg,모수가중치,1950.17,6
wg,모수가중치,2090.67,6
wg,모수가중치,4162.17,6
wg,모수가중치,1694.4,5
wg,모수가중치,1599.6,5
wg,모수가중치,3589.25,4
wg,모수가중치,4870.0,4
wg,모수가중치,7590.5,2
wg,모수가중치,9218.5,2
wg,모수가중치,6796.0,1
ws,표본가중치,0.2506,101
ws,표본가중치,0.3807,72
ws,표본가중치,0.3085,69
ws,표본가중치,0.3705,67
ws,표본가중치,0.49,61
ws,표본가중치,0.4104,59
ws,표본가중치,0.4678,53
ws,표본가중치,0.4934,52
ws,표본가중치,0.6448,46
ws,표본가중치,0.3482,45
ws,표본가중치,0.3978,37
ws,표본가중치,0.4106,36
ws,표본가중치,0.7229,35
ws,표본가중치,0.4849,35
ws,표본가중치,0.448,34
ws,표본가중치,0.5039,34
ws,표본가중치,0.8777,32
ws,표본가중치,0.8967,31
ws,표본가중치,0.6143,30
ws,표본가중치,0.958,30
ws,표본가중치,0.4692,28
ws,표본가중치,1.0568,26
ws,표본가중치,0.9397,25
ws,표본가중치,0.4465,25
ws,표본가중치,0.6917,25
ws,표본가중치,0.773,25
ws,표본가중치,0.487,24
ws,표본가중치,1.1726,24
ws,표본가중치,0.9585,24
ws,표본가중치,1.1965,23
ws,표본가중치,0.9917,23
ws,표본가중치,1.1492,22
ws,표본가중치,1.0001,22
ws,표본가중치,0.8567,22
ws,표본가중치,1.2917,21
ws,표본가중치,1.3796,20
ws,표본가중치,1.3298,20
ws,표본가중치,0.6526,18
ws,표본가중치,1.6732,18
ws,표본가중치,0.7887,17
ws,표본가중치,0.8568,16
ws,표본가중치,0.9004,16
ws,표본가중치,1.2292,15
ws,표본가중치,0.8921,15
ws,표본가중치,1.3088,14
ws,표본가중치,1.673,14
ws,표본가중치,2.0257,14
ws,표본가중치,1.7954,14
ws,표본가중치,1.4862,13
ws,표본가중치,3.2028,13
ws,표본가중치,1.795,12
ws,표본가중치,2.3532,12
ws,표본가중치,2.12,12
ws,표본가중치,1.0093,12
ws,표본가중치,1.5658,11
ws,표본가중치,1.7189,11
ws,표본가중치,2.4035,10
ws,표본가중치,1.5865,10
ws,표본가중치,1.7758,10
ws,표본가중치,1.9479,10
ws,표본가중치,2.4979,9
ws,표본가중치,2.2517,9
ws,표본가중치,2.6141,8
ws,표본가중치,1.6645,8
ws,표본가중치,3.1949,8
ws,표본가중치,1.5172,8
ws,표본가중치,1.9256,7
ws,표본가중치,7.2476,7
ws,표본가중치,3.7589,7
ws,표본가중치,4.6741,7
ws,표본가중치,3.4241,6
ws,표본가중치,3.6707,6
ws,표본가중치,7.3078,6
ws,표본가중치,2.975,5
ws,표본가중치,2.8085,5
ws,표본가중치,6.3019,4
ws,표본가중치,8.5506,4
ws,표본가중치,13.3272,2
ws,표본가중치,16.1856,2
ws,표본가중치,11.9322,1
