,질문번호,질문,답변1,답변2,답변3
0,q1,1. 귀하는 수원시의 시책이나 시정 운영에 대해 어느 정도 알고 계십니까?,5.0 (560),4.0 (471),6.0 (336)
1,q10,10. 올해 여름 휴가를 가지 못했거나 계획이 없는 이유는 무엇입니까?,1.0 (325),3.0 (158),9.0 (86)
2,q10_op,10. (기타 오픈응답),아이 방학이 짧고 애매함 (1),별로 안좋아항 (1),더워서 (1)
3,q11_1,"11. 귀하는 수원에서 ‘도심 속 휴가’를 즐긴다면 무엇을 하고 싶습니까? 우선순위에 따라 2순위까지 응답해 주십시오
(1순위)",1.0 (434),2.0 (337),4.0 (303)
4,q11_2,"11. 귀하는 수원에서 ‘도심 속 휴가’를 즐긴다면 무엇을 하고 싶습니까? 우선순위에 따라 2순위까지 응답해 주십시오.
(2순위)",3.0 (300),2.0 (261),8.0 (230)
5,q12,"12. 올해 추석 경기는 지난해 추석에 비해 좋아질 것으로 예상하십니까, 나빠질 것으로 예상하십니까, 혹은 비슷할 것으로 예상하십니까?",3.0 (558),4.0 (523),5.0 (325)
6,q13,"13. 올해 추석 지출이 지난해 추석에 비해 늘어날 것이라고 보십니까, 줄어들 것이라고 보십니까, 혹은 비슷할 것으로 보십니까? ",2.0 (844),1.0 (645),3.0 (290)
7,q13_1,13-1. 추석 지출이 늘어난다면(혹은 줄어든다면) 구체적으로 늘어난(줄어든) 금액은 어느 정도로 보십니까?,2.0 (348),3.0 (271),4.0 (131)
8,q13_2,13-2. 귀댁의 올해 추석 지출액은 얼마로 예상하십니까? ,50.0 (236),30.0 (157),100.0 (114)
9,q14,14. 귀댁에서는 추석 준비 시 어떤 비용이 가장 부담이 되십니까?,3.0 (808),2.0 (549),1.0 (334)
10,q14_op,14. (기타 오픈응답),없음 (2),여행비용 (1),온가족여행비 (1)
11,q15,15. 귀댁에서는 추석 상차림 재료를 주로 어디에서 구입하십니까? 구입 금액이 가장 큰 순으로 하나만 선택해 주십시오.,2.0 (983),1.0 (347),5.0 (175)
12,q15_op,15. (기타 오픈응답),안함 (4),직접 장을 보지 않음 (1),추석 제사 없음 (1)
13,q16,16. 귀댁에서는 올해 추석에 어떤 계획을 가지고 계십니까? ,1.0 (972),2.0 (463),5.0 (148)
14,q16_op,16. (기타 오픈응답),근무 (2),외식 (1),계획 없음 (1)
15,q17,17. 수원시에서 추석 민생안정을 위해 가장 역점을 두어야 할 과제는 무엇이라고 생각하십니까?,1.0 (1040),2.0 (332),3.0 (228)
16,q17_op,17. (기타 오픈응답),서비스업의 추석가족방문을 위한 쇼핑몰 대형마트등 전체 휴점 하루보장 (1),,
17,q18,18. 귀하는 수원시민의 경제활동과 일상생활의 개선을 위해 민생규제 혁신이 필요하다고 생각하십니까?,1.0 (721),2.0 (690),3.0 (302)
18,q19,19. 귀하는 민생규제 혁신이 내 삶에 얼마나 도움이 될 것이라고 생각하십니까?,2.0 (744),1.0 (574),3.0 (365)
19,q2,2. 귀하는 수원시의 시책이나 시정 운영에 대해 평소 관심이 있으십니까?,5.0 (613),4.0 (416),6.0 (404)
20,q20,20. 귀하는 수원시민의 삶에 가장 중요한 영향을 미칠 것으로 생각하는 민생규제혁신 분야는 무엇이라고 생각하십니까?,3.0 (522),5.0 (412),2.0 (294)
21,q21_op,"21. 귀하는 수원시의 어떠한 민생 규제가 해소되었으면 좋겠다고 생각하십니까?
(오픈 응답)",. (12),없음 (9),교통 (6)
22,q3,3. 귀하는 수원시가 시민들을 위해 추진하고 있는 정책 전반에 대해 얼마나 만족하십니까? ,5.0 (600),4.0 (523),6.0 (348)
23,q3_1_1,"3-1. 수원시 시정운영에 만족하시는 경우, 그 이유는 무엇입니까? 3가지를 중요한 순서대로 선택해 주십시오. 
(1순위)",2.0 (382),1.0 (254),3.0 (146)
24,q3_1_2,"3-1. 수원시 시정운영에 만족하시는 경우, 그 이유는 무엇입니까? 3가지를 중요한 순서대로 선택해 주십시오. 
(2순위)",4.0 (186),2.0 (179),3.0 (179)
25,q3_1_3,"3-1. 수원시 시정운영에 만족하시는 경우, 그 이유는 무엇입니까? 3가지를 중요한 순서대로 선택해 주십시오. 
(3순위)",4.0 (154),5.0 (150),7.0 (149)
26,q4,"4. 민선8기 이재준 시장 취임 당시 가졌던 기대감과 현재 수원시정의 성과를 비교할 때, 취임당시 기대감 대비 현재 성과는 어떻습니까?",2.0 (541),1.0 (443),3.0 (403)
27,q5_1,"5-1. 귀하는 다음과 같은 측면에서 수원시의 시정 운영을 어떻게 평가하십니까?
_1. 정책과정의 민주성",5.0 (556),4.0 (465),6.0 (403)
28,q5_2,"5-2. 귀하는 다음과 같은 측면에서 수원시의 시정 운영을 어떻게 평가하십니까?
_2. 정책의 이념적 지향",5.0 (533),4.0 (512),6.0 (368)
29,q5_3,"5-3. 귀하는 다음과 같은 측면에서 수원시의 시정 운영을 어떻게 평가하십니까?
_3. 정책목표의 달성도",5.0 (534),4.0 (482),6.0 (386)
30,q5_4,"5-4. 귀하는 다음과 같은 측면에서 수원시의 시정 운영을 어떻게 평가하십니까?
_4. 정책수혜집단의 만족도",4.0 (521),5.0 (506),6.0 (368)
31,q5_5,"5-5. 귀하는 다음과 같은 측면에서 수원시의 시정 운영을 어떻게 평가하십니까?
_5. 위기관리 대응",5.0 (540),4.0 (474),6.0 (423)
32,q6,6. 귀하는 앞으로 수원시가 어느 정책 분야를 우선적으로 추진해야 한다고 생각하십니까?,1.0 (385),4.0 (344),2.0 (223)
33,q6_op,6. (기타 오픈응답),쓰리기 매일수거 (1),청년 (1),무분별한 외국이 받아들이지 말기. 공원조성. 악취해결 (1)
34,q7,7. 귀하는 수원시 의회의 의정활동 전반에 대해서 얼마나 만족하십니까? ,5.0 (512),4.0 (511),6.0 (362)
35,q8,"8. 제12대 수원특례시의회 의정활동 시작 당시 가졌던 기대감과 현재 수원특례시의회의 성과를 비교할 때, 당시 기대감 대비 현재 성과는 어떻습니까?",2.0 (530),3.0 (414),1.0 (350)
36,q9,9. 귀하는 올해 여름 휴가(7-8월)를 다녀오셨습니까? 혹은 계획이 있습니까?,3.0 (468),1.0 (441),2.0 (384)
37,q9_1,9-1. 귀하는 여름 휴가를 어디로 다녀오셨습니까? 혹은 다녀올 계획입니까?,1.0 (746),2.0 (150),3.0 (47)
38,q9_2,9-2. 귀하는 누구와 함께 여름 휴가를 다녀오셨습니까? 혹은 다녀올 계획입니까?,2.0 (708),3.0 (125),1.0 (74)
39,q9_2_op,9-2. (기타 오픈응답),교회 봉사활동 (1),,
40,q9_4,9-4. 여름 휴가 여행 (예상)지출액은 얼마입니까? ,50.0 (220),100.0 (163),30.0 (152)
41,q9_5,9-5. 국내 휴가여행/해외 휴가여행은 귀하에게 어떤 의미입니까? ,1.0 (388),3.0 (262),2.0 (193)
42,q9_5_op,9-5. (기타 오픈응답),종교활동 (1),,
43,resi_m,거주기간(월),0.0 (263),2.0 (209),6.0 (206)
44,resi_y,거주기간(년),10.0 (189),5.0 (134),3.0 (110)
45,wg,모수가중치,142.72 (101),216.81 (72),175.68 (69)
46,ws,표본가중치,0.2506 (101),0.3807 (72),0.3085 (69)
